-- MySQL dump 10.13  Distrib 8.0.43, for Linux (x86_64)
--
-- Host: 127.0.0.1    Database: cukong_db
-- ------------------------------------------------------
-- Server version	8.0.43-0ubuntu0.24.04.2

/*!40101 SET @OLD_CHARACTER_SET_CLIENT=@@CHARACTER_SET_CLIENT */;
/*!40101 SET @OLD_CHARACTER_SET_RESULTS=@@CHARACTER_SET_RESULTS */;
/*!40101 SET @OLD_COLLATION_CONNECTION=@@COLLATION_CONNECTION */;
/*!50503 SET NAMES utf8mb4 */;
/*!40103 SET @OLD_TIME_ZONE=@@TIME_ZONE */;
/*!40103 SET TIME_ZONE='+00:00' */;
/*!40014 SET @OLD_UNIQUE_CHECKS=@@UNIQUE_CHECKS, UNIQUE_CHECKS=0 */;
/*!40014 SET @OLD_FOREIGN_KEY_CHECKS=@@FOREIGN_KEY_CHECKS, FOREIGN_KEY_CHECKS=0 */;
/*!40101 SET @OLD_SQL_MODE=@@SQL_MODE, SQL_MODE='NO_AUTO_VALUE_ON_ZERO' */;
/*!40111 SET @OLD_SQL_NOTES=@@SQL_NOTES, SQL_NOTES=0 */;

--
-- Table structure for table `order_details`
--

DROP TABLE IF EXISTS `order_details`;
/*!40101 SET @saved_cs_client     = @@character_set_client */;
/*!50503 SET character_set_client = utf8mb4 */;
CREATE TABLE `order_details` (
  `id` int NOT NULL AUTO_INCREMENT,
  `quantity` int NOT NULL,
  `harga_satuan` decimal(15,2) NOT NULL,
  `subtotal_item` decimal(15,2) NOT NULL,
  `id_order` int DEFAULT NULL,
  `id_produk` int DEFAULT NULL,
  `createdAt` datetime NOT NULL,
  `updatedAt` datetime NOT NULL,
  PRIMARY KEY (`id`),
  KEY `id_order` (`id_order`),
  KEY `id_produk` (`id_produk`),
  CONSTRAINT `order_details_ibfk_1787` FOREIGN KEY (`id_order`) REFERENCES `orders` (`id_order`) ON DELETE CASCADE ON UPDATE CASCADE,
  CONSTRAINT `order_details_ibfk_1788` FOREIGN KEY (`id_produk`) REFERENCES `products` (`id_produk`) ON UPDATE CASCADE
) ENGINE=InnoDB AUTO_INCREMENT=184 DEFAULT CHARSET=utf8mb4 COLLATE=utf8mb4_0900_ai_ci;
/*!40101 SET character_set_client = @saved_cs_client */;

--
-- Dumping data for table `order_details`
--

LOCK TABLES `order_details` WRITE;
/*!40000 ALTER TABLE `order_details` DISABLE KEYS */;
INSERT INTO `order_details` VALUES (1,24,25000.00,600000.00,1,2,'2025-09-26 10:19:38','2025-09-26 10:19:38'),(2,1,600000.00,600000.00,3,1,'2025-09-26 10:52:58','2025-09-26 10:52:58'),(3,1,1200000.00,1200000.00,4,1,'2025-09-26 10:52:59','2025-09-26 10:52:59'),(4,1,800000.00,800000.00,5,1,'2025-09-26 10:52:59','2025-09-26 10:52:59'),(5,1,425251.00,425251.00,6,1,'2025-09-26 11:01:40','2025-09-26 11:01:40'),(6,1,982814.00,982814.00,7,1,'2025-09-26 11:01:40','2025-09-26 11:01:40'),(7,1,607618.00,607618.00,8,1,'2025-09-26 11:01:40','2025-09-26 11:01:40'),(8,1,924888.00,924888.00,9,1,'2025-09-26 11:01:40','2025-09-26 11:01:40'),(9,1,876277.00,876277.00,10,1,'2025-09-26 11:01:40','2025-09-26 11:01:40'),(10,1,1473352.00,1473352.00,11,1,'2025-09-26 11:01:40','2025-09-26 11:01:40'),(11,1,1465894.00,1465894.00,12,1,'2025-09-26 11:01:40','2025-09-26 11:01:40'),(12,1,505401.00,505401.00,13,1,'2025-09-26 11:01:40','2025-09-26 11:01:40'),(13,1,935511.00,935511.00,14,1,'2025-09-26 11:01:40','2025-09-26 11:01:40'),(14,1,466664.00,466664.00,15,1,'2025-09-26 11:01:40','2025-09-26 11:01:40'),(15,1,881259.00,881259.00,16,1,'2025-09-26 11:01:40','2025-09-26 11:01:40'),(16,1,744332.00,744332.00,17,1,'2025-09-26 11:01:40','2025-09-26 11:01:40'),(17,1,466781.00,466781.00,18,1,'2025-09-26 11:01:40','2025-09-26 11:01:40'),(18,1,596028.00,596028.00,19,1,'2025-09-26 11:01:40','2025-09-26 11:01:40'),(19,1,1082386.00,1082386.00,20,1,'2025-09-26 11:01:40','2025-09-26 11:01:40'),(20,1,1348886.00,1348886.00,21,1,'2025-09-26 11:01:40','2025-09-26 11:01:40'),(21,1,471819.00,471819.00,22,1,'2025-09-26 11:01:40','2025-09-26 11:01:40'),(22,1,510047.00,510047.00,24,1,'2025-09-26 11:01:54','2025-09-26 11:01:54'),(23,1,590793.00,590793.00,25,1,'2025-09-26 11:01:54','2025-09-26 11:01:54'),(24,1,483577.00,483577.00,26,1,'2025-09-26 11:01:54','2025-09-26 11:01:54'),(25,1,1471545.00,1471545.00,27,1,'2025-09-26 11:01:54','2025-09-26 11:01:54'),(26,1,1415145.00,1415145.00,28,1,'2025-09-26 11:01:54','2025-09-26 11:01:54'),(27,1,603914.00,603914.00,29,1,'2025-09-26 11:01:54','2025-09-26 11:01:54'),(28,1,1375122.00,1375122.00,30,1,'2025-09-26 11:01:54','2025-09-26 11:01:54'),(29,1,979238.00,979238.00,31,1,'2025-09-26 11:01:54','2025-09-26 11:01:54'),(30,1,837575.00,837575.00,32,1,'2025-09-26 11:01:54','2025-09-26 11:01:54'),(31,1,287648.00,287648.00,33,1,'2025-09-26 11:01:54','2025-09-26 11:01:54'),(32,1,290624.00,290624.00,34,1,'2025-09-26 11:01:54','2025-09-26 11:01:54'),(33,1,1134765.00,1134765.00,35,1,'2025-09-26 11:01:54','2025-09-26 11:01:54'),(34,1,609114.00,609114.00,36,1,'2025-09-26 11:01:54','2025-09-26 11:01:54'),(35,1,709125.00,709125.00,37,1,'2025-09-26 11:01:54','2025-09-26 11:01:54'),(36,1,1195009.00,1195009.00,38,1,'2025-09-26 11:01:54','2025-09-26 11:01:54'),(37,1,506916.00,506916.00,39,1,'2025-09-26 11:01:54','2025-09-26 11:01:54'),(38,1,635311.00,635311.00,40,1,'2025-09-26 11:01:54','2025-09-26 11:01:54'),(39,1,1016569.00,1016569.00,41,1,'2025-09-26 11:01:55','2025-09-26 11:01:55'),(40,1,841922.00,841922.00,42,1,'2025-09-26 11:01:55','2025-09-26 11:01:55'),(41,1,669029.00,669029.00,43,1,'2025-09-26 11:01:55','2025-09-26 11:01:55'),(42,1,536533.00,536533.00,44,1,'2025-09-26 11:01:55','2025-09-26 11:01:55'),(43,1,675919.00,675919.00,45,1,'2025-09-26 11:01:55','2025-09-26 11:01:55'),(44,1,495686.00,495686.00,46,1,'2025-09-26 11:01:55','2025-09-26 11:01:55'),(45,1,1078158.00,1078158.00,47,1,'2025-09-26 11:01:55','2025-09-26 11:01:55'),(46,1,1345093.00,1345093.00,48,1,'2025-09-26 11:01:55','2025-09-26 11:01:55'),(47,1,909698.00,909698.00,50,1,'2025-09-26 11:02:19','2025-09-26 11:02:19'),(48,1,1181723.00,1181723.00,51,1,'2025-09-26 11:02:19','2025-09-26 11:02:19'),(49,1,1294820.00,1294820.00,52,1,'2025-09-26 11:02:19','2025-09-26 11:02:19'),(50,1,1495245.00,1495245.00,53,1,'2025-09-26 11:02:20','2025-09-26 11:02:20'),(51,1,605516.00,605516.00,54,1,'2025-09-26 11:02:20','2025-09-26 11:02:20'),(52,1,1367352.00,1367352.00,55,1,'2025-09-26 11:02:20','2025-09-26 11:02:20'),(53,1,1345143.00,1345143.00,56,1,'2025-09-26 11:02:20','2025-09-26 11:02:20'),(54,1,341622.00,341622.00,57,1,'2025-09-26 11:02:20','2025-09-26 11:02:20'),(55,1,632991.00,632991.00,58,1,'2025-09-26 11:02:21','2025-09-26 11:02:21'),(56,1,1324402.00,1324402.00,59,1,'2025-09-26 11:02:21','2025-09-26 11:02:21'),(57,1,996066.00,996066.00,60,1,'2025-09-26 11:02:21','2025-09-26 11:02:21'),(58,1,636391.00,636391.00,61,1,'2025-09-26 11:02:21','2025-09-26 11:02:21'),(59,1,283069.00,283069.00,62,1,'2025-09-26 11:02:21','2025-09-26 11:02:21'),(60,1,1388525.00,1388525.00,63,1,'2025-09-26 11:02:21','2025-09-26 11:02:21'),(61,1,399414.00,399414.00,64,1,'2025-09-26 11:02:21','2025-09-26 11:02:21'),(62,1,943160.00,943160.00,65,1,'2025-09-26 11:02:21','2025-09-26 11:02:21'),(63,1,320767.00,320767.00,66,1,'2025-09-26 11:02:21','2025-09-26 11:02:21'),(64,1,661068.00,661068.00,67,1,'2025-09-26 11:02:21','2025-09-26 11:02:21'),(65,1,1300681.00,1300681.00,68,1,'2025-09-26 11:02:21','2025-09-26 11:02:21'),(66,1,1386846.00,1386846.00,69,1,'2025-09-26 11:02:21','2025-09-26 11:02:21'),(67,1,1228973.00,1228973.00,70,1,'2025-09-26 11:02:21','2025-09-26 11:02:21'),(68,1,467658.00,467658.00,71,1,'2025-09-26 11:02:21','2025-09-26 11:02:21'),(69,1,796949.00,796949.00,72,1,'2025-09-26 11:02:21','2025-09-26 11:02:21'),(70,1,1280200.00,1280200.00,73,1,'2025-09-26 11:02:22','2025-09-26 11:02:22'),(71,1,1048764.00,1048764.00,74,1,'2025-09-26 11:02:22','2025-09-26 11:02:22'),(72,1,1084214.00,1084214.00,75,1,'2025-09-26 11:02:22','2025-09-26 11:02:22'),(73,1,1203808.00,1203808.00,76,1,'2025-09-26 11:02:22','2025-09-26 11:02:22'),(74,1,713487.00,713487.00,77,1,'2025-09-26 11:02:22','2025-09-26 11:02:22'),(75,1,284569.00,284569.00,78,1,'2025-09-26 11:02:22','2025-09-26 11:02:22'),(76,1,1306605.00,1306605.00,79,1,'2025-09-26 11:02:22','2025-09-26 11:02:22'),(77,1,1230524.00,1230524.00,80,1,'2025-09-26 11:02:22','2025-09-26 11:02:22'),(78,1,1426821.00,1426821.00,81,1,'2025-09-26 11:02:22','2025-09-26 11:02:22'),(79,1,317305.00,317305.00,82,1,'2025-09-26 11:02:22','2025-09-26 11:02:22'),(80,1,351926.00,351926.00,83,1,'2025-09-26 11:02:22','2025-09-26 11:02:22'),(81,1,1380620.00,1380620.00,84,1,'2025-09-26 11:02:22','2025-09-26 11:02:22'),(82,1,471302.00,471302.00,85,1,'2025-09-26 11:02:22','2025-09-26 11:02:22'),(83,1,467822.00,467822.00,86,1,'2025-09-26 11:02:19','2025-09-26 11:02:19'),(84,1,632947.00,632947.00,87,1,'2025-09-26 11:02:20','2025-09-26 11:02:20'),(85,1,1065537.00,1065537.00,88,1,'2025-09-26 11:02:20','2025-09-26 11:02:20'),(86,1,1266279.00,1266279.00,89,1,'2025-09-26 11:02:20','2025-09-26 11:02:20'),(87,1,1204965.00,1204965.00,90,1,'2025-09-26 11:02:20','2025-09-26 11:02:20'),(88,1,456498.00,456498.00,91,1,'2025-09-26 11:02:20','2025-09-26 11:02:20'),(89,1,1197616.00,1197616.00,92,1,'2025-09-26 11:02:20','2025-09-26 11:02:20'),(90,1,1048645.00,1048645.00,93,1,'2025-09-26 11:02:20','2025-09-26 11:02:20'),(91,1,589823.00,589823.00,96,1,'2025-09-26 11:04:17','2025-09-26 11:04:17'),(92,1,320001.00,320001.00,98,1,'2025-09-26 11:04:37','2025-09-26 11:04:37'),(93,1,1001674.00,1001674.00,99,1,'2025-09-26 11:04:37','2025-09-26 11:04:37'),(94,1,218766.00,218766.00,100,1,'2025-09-26 11:04:37','2025-09-26 11:04:37'),(95,1,1200152.00,1200152.00,101,1,'2025-09-26 11:04:37','2025-09-26 11:04:37'),(96,1,1080436.00,1080436.00,102,1,'2025-09-26 11:04:37','2025-09-26 11:04:37'),(97,1,1481515.00,1481515.00,103,1,'2025-09-26 11:04:37','2025-09-26 11:04:37'),(98,1,606219.00,606219.00,104,1,'2025-09-26 11:04:37','2025-09-26 11:04:37'),(99,1,442388.00,442388.00,105,1,'2025-09-26 11:04:37','2025-09-26 11:04:37'),(100,1,823290.00,823290.00,106,1,'2025-09-26 11:04:37','2025-09-26 11:04:37'),(101,1,1058119.00,1058119.00,107,1,'2025-09-26 11:04:38','2025-09-26 11:04:38'),(102,1,1023523.00,1023523.00,108,1,'2025-09-26 11:04:38','2025-09-26 11:04:38'),(103,1,575474.00,575474.00,109,1,'2025-09-26 11:04:38','2025-09-26 11:04:38'),(104,1,383463.00,383463.00,110,1,'2025-09-26 11:04:38','2025-09-26 11:04:38'),(105,1,1032279.00,1032279.00,111,1,'2025-09-26 11:04:38','2025-09-26 11:04:38'),(106,1,418304.00,418304.00,112,1,'2025-09-26 11:04:38','2025-09-26 11:04:38'),(107,1,284612.00,284612.00,113,1,'2025-09-26 11:04:38','2025-09-26 11:04:38'),(108,1,714551.00,714551.00,114,1,'2025-09-26 11:04:38','2025-09-26 11:04:38'),(109,1,1340967.00,1340967.00,115,1,'2025-09-26 11:04:38','2025-09-26 11:04:38'),(110,1,1228946.00,1228946.00,116,1,'2025-09-26 11:04:38','2025-09-26 11:04:38'),(111,1,1397038.00,1397038.00,117,1,'2025-09-26 11:04:38','2025-09-26 11:04:38'),(112,1,1377145.00,1377145.00,118,1,'2025-09-26 11:04:38','2025-09-26 11:04:38'),(113,1,903383.00,903383.00,119,1,'2025-09-26 11:04:38','2025-09-26 11:04:38'),(114,1,1167048.00,1167048.00,120,1,'2025-09-26 11:04:38','2025-09-26 11:04:38'),(115,1,666392.00,666392.00,121,1,'2025-09-26 11:04:38','2025-09-26 11:04:38'),(116,1,689414.00,689414.00,122,1,'2025-09-26 11:04:39','2025-09-26 11:04:39'),(117,1,688360.00,688360.00,123,1,'2025-09-26 11:04:39','2025-09-26 11:04:39'),(118,1,876563.00,876563.00,124,1,'2025-09-26 11:04:39','2025-09-26 11:04:39'),(119,1,1476937.00,1476937.00,125,1,'2025-09-26 11:04:39','2025-09-26 11:04:39'),(120,1,1222858.00,1222858.00,126,1,'2025-09-26 11:04:39','2025-09-26 11:04:39'),(121,1,486434.00,486434.00,127,1,'2025-09-26 11:04:39','2025-09-26 11:04:39'),(122,1,559361.00,559361.00,128,1,'2025-09-26 11:04:39','2025-09-26 11:04:39'),(123,1,1001017.00,1001017.00,129,1,'2025-09-26 11:04:39','2025-09-26 11:04:39'),(124,1,1332560.00,1332560.00,130,1,'2025-09-26 11:04:39','2025-09-26 11:04:39'),(125,1,1489777.00,1489777.00,131,1,'2025-09-26 11:04:39','2025-09-26 11:04:39'),(126,1,1211199.00,1211199.00,132,1,'2025-09-26 11:04:39','2025-09-26 11:04:39'),(127,1,700522.00,700522.00,133,1,'2025-09-26 11:04:39','2025-09-26 11:04:39'),(128,1,553442.00,553442.00,134,1,'2025-09-26 11:04:39','2025-09-26 11:04:39'),(129,1,534143.00,534143.00,135,1,'2025-09-26 11:04:39','2025-09-26 11:04:39'),(130,1,1249598.00,1249598.00,136,1,'2025-09-26 11:04:39','2025-09-26 11:04:39'),(131,1,770124.00,770124.00,137,1,'2025-09-26 11:04:39','2025-09-26 11:04:39'),(132,1,211066.00,211066.00,139,1,'2025-09-26 11:05:15','2025-09-26 11:05:15'),(133,1,874309.00,874309.00,140,1,'2025-09-26 11:05:15','2025-09-26 11:05:15'),(134,1,566223.00,566223.00,141,1,'2025-09-26 11:05:15','2025-09-26 11:05:15'),(135,1,1279593.00,1279593.00,142,1,'2025-09-26 11:05:16','2025-09-26 11:05:16'),(136,1,1000286.00,1000286.00,143,1,'2025-09-26 11:05:16','2025-09-26 11:05:16'),(137,1,847172.00,847172.00,144,1,'2025-09-26 11:05:16','2025-09-26 11:05:16'),(138,1,394224.00,394224.00,145,1,'2025-09-26 11:05:16','2025-09-26 11:05:16'),(139,1,1337705.00,1337705.00,146,1,'2025-09-26 11:05:16','2025-09-26 11:05:16'),(140,1,485266.00,485266.00,147,1,'2025-09-26 11:05:16','2025-09-26 11:05:16'),(141,1,554100.00,554100.00,148,1,'2025-09-26 11:05:16','2025-09-26 11:05:16'),(142,1,498132.00,498132.00,149,1,'2025-09-26 11:05:16','2025-09-26 11:05:16'),(143,1,422569.00,422569.00,150,1,'2025-09-26 11:05:16','2025-09-26 11:05:16'),(144,1,679371.00,679371.00,151,1,'2025-09-26 11:05:16','2025-09-26 11:05:16'),(145,1,1462974.00,1462974.00,152,1,'2025-09-26 11:05:16','2025-09-26 11:05:16'),(146,1,330408.00,330408.00,153,1,'2025-09-26 11:05:16','2025-09-26 11:05:16'),(147,1,693995.00,693995.00,154,1,'2025-09-26 11:05:16','2025-09-26 11:05:16'),(148,1,767954.00,767954.00,155,1,'2025-09-26 11:05:16','2025-09-26 11:05:16'),(149,1,773367.00,773367.00,156,1,'2025-09-26 11:05:16','2025-09-26 11:05:16'),(150,1,1118876.00,1118876.00,157,1,'2025-09-26 11:05:16','2025-09-26 11:05:16'),(151,1,409870.00,409870.00,158,1,'2025-09-26 11:05:16','2025-09-26 11:05:16'),(152,1,1135412.00,1135412.00,159,1,'2025-09-26 11:05:17','2025-09-26 11:05:17'),(153,1,1043503.00,1043503.00,160,1,'2025-09-26 11:05:17','2025-09-26 11:05:17'),(154,1,1099110.00,1099110.00,161,1,'2025-09-26 11:05:17','2025-09-26 11:05:17'),(155,1,1250277.00,1250277.00,162,1,'2025-09-26 11:05:17','2025-09-26 11:05:17'),(156,1,1243013.00,1243013.00,163,1,'2025-09-26 11:05:17','2025-09-26 11:05:17'),(157,1,725523.00,725523.00,164,1,'2025-09-26 11:05:17','2025-09-26 11:05:17'),(158,1,232214.00,232214.00,165,1,'2025-09-26 11:05:17','2025-09-26 11:05:17'),(159,1,937108.00,937108.00,166,1,'2025-09-26 11:05:17','2025-09-26 11:05:17'),(160,1,793706.00,793706.00,167,1,'2025-09-26 11:05:17','2025-09-26 11:05:17'),(161,1,567359.00,567359.00,168,1,'2025-09-26 11:05:17','2025-09-26 11:05:17'),(162,1,1105012.00,1105012.00,169,1,'2025-09-26 11:05:17','2025-09-26 11:05:17'),(163,1,1359319.00,1359319.00,170,1,'2025-09-26 11:05:17','2025-09-26 11:05:17'),(164,1,1205192.00,1205192.00,171,1,'2025-09-26 11:05:17','2025-09-26 11:05:17'),(165,1,525984.00,525984.00,172,1,'2025-09-26 11:05:17','2025-09-26 11:05:17'),(166,1,519461.00,519461.00,173,1,'2025-09-26 11:05:17','2025-09-26 11:05:17'),(167,1,1188071.00,1188071.00,174,1,'2025-09-26 11:05:17','2025-09-26 11:05:17'),(168,1,666479.00,666479.00,175,1,'2025-09-26 11:05:17','2025-09-26 11:05:17'),(169,1,1303259.00,1303259.00,176,1,'2025-09-26 11:05:17','2025-09-26 11:05:17'),(170,1,221446.00,221446.00,177,1,'2025-09-26 11:05:17','2025-09-26 11:05:17'),(171,1,1201772.00,1201772.00,178,1,'2025-09-26 11:05:18','2025-09-26 11:05:18'),(172,1,1055671.00,1055671.00,179,1,'2025-09-26 11:05:18','2025-09-26 11:05:18'),(173,1,539522.00,539522.00,180,1,'2025-09-26 11:05:18','2025-09-26 11:05:18'),(174,1,333431.00,333431.00,181,1,'2025-09-26 11:05:18','2025-09-26 11:05:18'),(175,1,1418404.00,1418404.00,182,1,'2025-09-26 11:05:18','2025-09-26 11:05:18'),(176,1,1040238.00,1040238.00,183,1,'2025-09-26 11:05:18','2025-09-26 11:05:18'),(177,1,1357782.00,1357782.00,184,1,'2025-09-26 11:05:18','2025-09-26 11:05:18'),(178,1,807823.00,807823.00,185,1,'2025-09-26 11:05:18','2025-09-26 11:05:18'),(179,1,687714.00,687714.00,186,1,'2025-09-26 11:05:18','2025-09-26 11:05:18'),(180,1,1222549.00,1222549.00,187,1,'2025-09-26 11:05:18','2025-09-26 11:05:18'),(181,1,1021862.00,1021862.00,188,1,'2025-09-26 11:05:18','2025-09-26 11:05:18'),(182,100,25000.00,2500000.00,189,1,'2025-09-27 04:13:17','2025-09-27 04:13:17'),(183,24,25000.00,600000.00,2,1,'2025-09-27 06:20:59','2025-09-27 06:20:59');
/*!40000 ALTER TABLE `order_details` ENABLE KEYS */;
UNLOCK TABLES;

--
-- Table structure for table `orders`
--

DROP TABLE IF EXISTS `orders`;
/*!40101 SET @saved_cs_client     = @@character_set_client */;
/*!50503 SET character_set_client = utf8mb4 */;
CREATE TABLE `orders` (
  `id_order` int NOT NULL AUTO_INCREMENT,
  `no_transaksi` varchar(255) NOT NULL,
  `id_customer` int NOT NULL,
  `tanggal_order` datetime NOT NULL,
  `status_urgensi` varchar(255) NOT NULL,
  `total_bayar` decimal(15,2) NOT NULL DEFAULT '0.00',
  `dp_bayar` decimal(15,2) DEFAULT '0.00',
  `status_bayar` varchar(255) NOT NULL,
  `tanggal_jatuh_tempo` datetime NOT NULL,
  `link_invoice` text,
  `link_drive` text,
  `status_order` varchar(255) NOT NULL,
  `created_at` datetime DEFAULT NULL,
  `updated_at` datetime DEFAULT NULL,
  `total_harga` decimal(10,2) NOT NULL,
  `status` enum('pending','proses','selesai','batal') DEFAULT 'pending',
  `catatan` text,
  `status_bot` enum('pending','selesai') NOT NULL DEFAULT 'pending',
  PRIMARY KEY (`id_order`),
  UNIQUE KEY `no_transaksi` (`no_transaksi`),
  UNIQUE KEY `no_transaksi_2` (`no_transaksi`),
  UNIQUE KEY `no_transaksi_3` (`no_transaksi`),
  UNIQUE KEY `no_transaksi_4` (`no_transaksi`),
  UNIQUE KEY `no_transaksi_5` (`no_transaksi`),
  UNIQUE KEY `no_transaksi_6` (`no_transaksi`),
  UNIQUE KEY `no_transaksi_7` (`no_transaksi`),
  UNIQUE KEY `no_transaksi_8` (`no_transaksi`),
  UNIQUE KEY `no_transaksi_9` (`no_transaksi`),
  UNIQUE KEY `no_transaksi_10` (`no_transaksi`),
  UNIQUE KEY `no_transaksi_11` (`no_transaksi`),
  UNIQUE KEY `no_transaksi_12` (`no_transaksi`),
  UNIQUE KEY `no_transaksi_13` (`no_transaksi`),
  UNIQUE KEY `no_transaksi_14` (`no_transaksi`),
  UNIQUE KEY `no_transaksi_15` (`no_transaksi`),
  UNIQUE KEY `no_transaksi_16` (`no_transaksi`),
  UNIQUE KEY `no_transaksi_17` (`no_transaksi`),
  UNIQUE KEY `no_transaksi_18` (`no_transaksi`),
  UNIQUE KEY `no_transaksi_19` (`no_transaksi`),
  UNIQUE KEY `no_transaksi_20` (`no_transaksi`),
  UNIQUE KEY `no_transaksi_21` (`no_transaksi`),
  UNIQUE KEY `no_transaksi_22` (`no_transaksi`),
  UNIQUE KEY `no_transaksi_23` (`no_transaksi`),
  UNIQUE KEY `no_transaksi_24` (`no_transaksi`),
  UNIQUE KEY `no_transaksi_25` (`no_transaksi`),
  UNIQUE KEY `no_transaksi_26` (`no_transaksi`),
  UNIQUE KEY `no_transaksi_27` (`no_transaksi`),
  UNIQUE KEY `no_transaksi_28` (`no_transaksi`),
  UNIQUE KEY `no_transaksi_29` (`no_transaksi`),
  UNIQUE KEY `no_transaksi_30` (`no_transaksi`),
  UNIQUE KEY `no_transaksi_31` (`no_transaksi`),
  UNIQUE KEY `no_transaksi_32` (`no_transaksi`),
  UNIQUE KEY `no_transaksi_33` (`no_transaksi`),
  UNIQUE KEY `no_transaksi_34` (`no_transaksi`),
  UNIQUE KEY `no_transaksi_35` (`no_transaksi`),
  UNIQUE KEY `no_transaksi_36` (`no_transaksi`),
  UNIQUE KEY `no_transaksi_37` (`no_transaksi`),
  UNIQUE KEY `no_transaksi_38` (`no_transaksi`),
  UNIQUE KEY `no_transaksi_39` (`no_transaksi`),
  UNIQUE KEY `no_transaksi_40` (`no_transaksi`),
  UNIQUE KEY `no_transaksi_41` (`no_transaksi`),
  UNIQUE KEY `no_transaksi_42` (`no_transaksi`),
  UNIQUE KEY `no_transaksi_43` (`no_transaksi`),
  UNIQUE KEY `no_transaksi_44` (`no_transaksi`),
  UNIQUE KEY `no_transaksi_45` (`no_transaksi`),
  UNIQUE KEY `no_transaksi_46` (`no_transaksi`),
  UNIQUE KEY `no_transaksi_47` (`no_transaksi`),
  UNIQUE KEY `no_transaksi_48` (`no_transaksi`),
  UNIQUE KEY `no_transaksi_49` (`no_transaksi`),
  UNIQUE KEY `no_transaksi_50` (`no_transaksi`),
  UNIQUE KEY `no_transaksi_51` (`no_transaksi`),
  UNIQUE KEY `no_transaksi_52` (`no_transaksi`),
  UNIQUE KEY `no_transaksi_53` (`no_transaksi`),
  UNIQUE KEY `no_transaksi_54` (`no_transaksi`),
  UNIQUE KEY `no_transaksi_55` (`no_transaksi`),
  UNIQUE KEY `no_transaksi_56` (`no_transaksi`),
  UNIQUE KEY `no_transaksi_57` (`no_transaksi`),
  UNIQUE KEY `no_transaksi_58` (`no_transaksi`),
  UNIQUE KEY `no_transaksi_59` (`no_transaksi`),
  UNIQUE KEY `no_transaksi_60` (`no_transaksi`),
  UNIQUE KEY `no_transaksi_61` (`no_transaksi`),
  UNIQUE KEY `no_transaksi_62` (`no_transaksi`),
  KEY `id_customer` (`id_customer`),
  CONSTRAINT `orders_ibfk_1` FOREIGN KEY (`id_customer`) REFERENCES `customers` (`id_customer`) ON DELETE CASCADE ON UPDATE CASCADE
) ENGINE=InnoDB AUTO_INCREMENT=190 DEFAULT CHARSET=utf8mb4 COLLATE=utf8mb4_0900_ai_ci;
/*!40101 SET character_set_client = @saved_cs_client */;

--
-- Dumping data for table `orders`
--

LOCK TABLES `orders` WRITE;
/*!40000 ALTER TABLE `orders` DISABLE KEYS */;
INSERT INTO `orders` VALUES (1,'TRX-26092025-7992-CICI',1,'2025-09-26 10:18:47','normal',600000.00,600000.00,'lunas','2025-10-03 10:18:47','','https://drive.google.com/drive/folders/1DY_xRK0E4zSNoOncdSSx_YcVkLKBllGC','selesai',NULL,'2025-09-26 10:23:57',600000.00,'selesai','','selesai'),(2,'TRX-20250926-9314-CICI',1,'2025-09-26 10:52:36','normal',1200000.00,300000.00,'dp','2025-10-03 10:52:36','','https://drive.google.com/drive/folders/1HPuvI1u2V0Y8P0lBSz-5kG5EcuID2gnP','proses','2025-09-26 10:52:36','2025-09-27 06:29:35',1200000.00,'pending','Sample Cici sample order','selesai'),(3,'TRX-20250926-2089-CICI',1,'2025-09-26 10:52:58','normal',600000.00,0.00,'belum_lunas','2025-10-03 10:52:58','','','pending','2025-09-26 10:52:58','2025-09-26 10:52:58',600000.00,'pending','Sample Cici sample order','pending'),(4,'TRX-20250926-7079-BUDI',54,'2025-09-26 10:52:59','normal',1200000.00,0.00,'belum_lunas','2025-10-03 10:52:59','','','pending','2025-09-26 10:52:59','2025-09-26 10:52:59',1200000.00,'pending','Sample Budi full paid','pending'),(5,'TRX-20250926-3216-AYU',55,'2025-09-26 10:52:59','normal',800000.00,0.00,'belum_lunas','2025-10-03 10:52:59','','','pending','2025-09-26 10:52:59','2025-09-26 10:52:59',800000.00,'pending','Sample Ayu partial','pending'),(6,'TRX-20250926-7559-CUST',56,'2025-09-26 11:01:40','normal',425251.00,0.00,'belum_lunas','2025-10-03 11:01:40','','','pending','2025-09-26 11:01:40','2025-09-26 11:01:40',425251.00,'pending','','pending'),(7,'TRX-20250926-8902-CUST',56,'2025-09-26 11:01:40','normal',982814.00,0.00,'belum_lunas','2025-10-03 11:01:40','','','pending','2025-09-26 11:01:40','2025-09-26 11:01:40',982814.00,'pending','','pending'),(8,'TRX-20250926-7652-CUST',57,'2025-09-26 11:01:40','normal',607618.00,0.00,'belum_lunas','2025-10-03 11:01:40','','','pending','2025-09-26 11:01:40','2025-09-26 11:01:40',607618.00,'pending','','pending'),(9,'TRX-20250926-4537-CUST',57,'2025-09-26 11:01:40','normal',924888.00,0.00,'belum_lunas','2025-10-03 11:01:40','','','pending','2025-09-26 11:01:40','2025-09-26 11:01:40',924888.00,'pending','','pending'),(10,'TRX-20250926-1432-CUST',57,'2025-09-26 11:01:40','normal',876277.00,0.00,'belum_lunas','2025-10-03 11:01:40','','','pending','2025-09-26 11:01:40','2025-09-26 11:01:40',876277.00,'pending','','pending'),(11,'TRX-20250926-7210-CUST',58,'2025-09-26 11:01:40','normal',1473352.00,0.00,'belum_lunas','2025-10-03 11:01:40','','','pending','2025-09-26 11:01:40','2025-09-26 11:01:40',1473352.00,'pending','','pending'),(12,'TRX-20250926-2597-CUST',58,'2025-09-26 11:01:40','normal',1465894.00,0.00,'belum_lunas','2025-10-03 11:01:40','','','pending','2025-09-26 11:01:40','2025-09-26 11:01:40',1465894.00,'pending','','pending'),(13,'TRX-20250926-2840-CUST',59,'2025-09-26 11:01:40','normal',505401.00,0.00,'belum_lunas','2025-10-03 11:01:40','','','pending','2025-09-26 11:01:40','2025-09-26 11:01:40',505401.00,'pending','','pending'),(14,'TRX-20250926-2659-CUST',59,'2025-09-26 11:01:40','normal',935511.00,0.00,'belum_lunas','2025-10-03 11:01:40','','','pending','2025-09-26 11:01:40','2025-09-26 11:01:40',935511.00,'pending','','pending'),(15,'TRX-20250926-4165-CUST',60,'2025-09-26 11:01:40','normal',466664.00,0.00,'belum_lunas','2025-10-03 11:01:40','','','pending','2025-09-26 11:01:40','2025-09-26 11:01:40',466664.00,'pending','','pending'),(16,'TRX-20250926-6677-CUST',60,'2025-09-26 11:01:40','normal',881259.00,0.00,'belum_lunas','2025-10-03 11:01:40','','','pending','2025-09-26 11:01:40','2025-09-26 11:01:40',881259.00,'pending','','pending'),(17,'TRX-20250926-5151-CUST',61,'2025-09-26 11:01:40','normal',744332.00,0.00,'belum_lunas','2025-10-03 11:01:40','','','pending','2025-09-26 11:01:40','2025-09-26 11:01:40',744332.00,'pending','','pending'),(18,'TRX-20250926-9259-CUST',61,'2025-09-26 11:01:40','normal',466781.00,0.00,'belum_lunas','2025-10-03 11:01:40','','','pending','2025-09-26 11:01:40','2025-09-26 11:01:40',466781.00,'pending','','pending'),(19,'TRX-20250926-9696-CUST',61,'2025-09-26 11:01:40','normal',596028.00,0.00,'belum_lunas','2025-10-03 11:01:40','','','pending','2025-09-26 11:01:40','2025-09-26 11:01:40',596028.00,'pending','','pending'),(20,'TRX-20250926-9418-CUST',62,'2025-09-26 11:01:40','normal',1082386.00,0.00,'belum_lunas','2025-10-03 11:01:40','','','pending','2025-09-26 11:01:40','2025-09-26 11:01:40',1082386.00,'pending','','pending'),(21,'TRX-20250926-3135-CUST',62,'2025-09-26 11:01:40','normal',1348886.00,0.00,'belum_lunas','2025-10-03 11:01:40','','','pending','2025-09-26 11:01:40','2025-09-26 11:01:40',1348886.00,'pending','','pending'),(22,'TRX-20250926-5704-CUST',62,'2025-09-26 11:01:40','normal',471819.00,0.00,'belum_lunas','2025-10-03 11:01:40','','','pending','2025-09-26 11:01:40','2025-09-26 11:01:40',471819.00,'pending','','pending'),(24,'TRX-20250926-3326-CUST',56,'2025-09-26 11:01:53','normal',510047.00,0.00,'belum_lunas','2025-10-03 11:01:53','','','pending','2025-09-26 11:01:53','2025-09-26 11:01:53',510047.00,'pending','','pending'),(25,'TRX-20250926-9305-CUST',56,'2025-09-26 11:01:54','normal',590793.00,0.00,'belum_lunas','2025-10-03 11:01:54','','','pending','2025-09-26 11:01:54','2025-09-26 11:01:54',590793.00,'pending','','pending'),(26,'TRX-20250926-8319-CUST',56,'2025-09-26 11:01:54','normal',483577.00,0.00,'belum_lunas','2025-10-03 11:01:54','','','pending','2025-09-26 11:01:54','2025-09-26 11:01:54',483577.00,'pending','','pending'),(27,'TRX-20250926-7677-CUST',57,'2025-09-26 11:01:54','normal',1471545.00,0.00,'belum_lunas','2025-10-03 11:01:54','','','pending','2025-09-26 11:01:54','2025-09-26 11:01:54',1471545.00,'pending','','pending'),(28,'TRX-20250926-9393-CUST',57,'2025-09-26 11:01:54','normal',1415145.00,0.00,'belum_lunas','2025-10-03 11:01:54','','','pending','2025-09-26 11:01:54','2025-09-26 11:01:54',1415145.00,'pending','','pending'),(29,'TRX-20250926-2359-CUST',58,'2025-09-26 11:01:54','normal',603914.00,0.00,'belum_lunas','2025-10-03 11:01:54','','','pending','2025-09-26 11:01:54','2025-09-26 11:01:54',603914.00,'pending','','pending'),(30,'TRX-20250926-1603-CUST',58,'2025-09-26 11:01:54','normal',1375122.00,0.00,'belum_lunas','2025-10-03 11:01:54','','','pending','2025-09-26 11:01:54','2025-09-26 11:01:54',1375122.00,'pending','','pending'),(31,'TRX-20250926-1154-CUST',58,'2025-09-26 11:01:54','normal',979238.00,0.00,'belum_lunas','2025-10-03 11:01:54','','','pending','2025-09-26 11:01:54','2025-09-26 11:01:54',979238.00,'pending','','pending'),(32,'TRX-20250926-5086-CUST',59,'2025-09-26 11:01:54','normal',837575.00,0.00,'belum_lunas','2025-10-03 11:01:54','','','pending','2025-09-26 11:01:54','2025-09-26 11:01:54',837575.00,'pending','','pending'),(33,'TRX-20250926-8069-CUST',59,'2025-09-26 11:01:54','normal',287648.00,0.00,'belum_lunas','2025-10-03 11:01:54','','','pending','2025-09-26 11:01:54','2025-09-26 11:01:54',287648.00,'pending','','pending'),(34,'TRX-20250926-1795-CUST',60,'2025-09-26 11:01:54','normal',290624.00,0.00,'belum_lunas','2025-10-03 11:01:54','','','pending','2025-09-26 11:01:54','2025-09-26 11:01:54',290624.00,'pending','','pending'),(35,'TRX-20250926-6292-CUST',60,'2025-09-26 11:01:54','normal',1134765.00,0.00,'belum_lunas','2025-10-03 11:01:54','','','pending','2025-09-26 11:01:54','2025-09-26 11:01:54',1134765.00,'pending','','pending'),(36,'TRX-20250926-9842-CUST',60,'2025-09-26 11:01:54','normal',609114.00,0.00,'belum_lunas','2025-10-03 11:01:54','','','pending','2025-09-26 11:01:54','2025-09-26 11:01:54',609114.00,'pending','','pending'),(37,'TRX-20250926-3302-CUST',61,'2025-09-26 11:01:54','normal',709125.00,0.00,'belum_lunas','2025-10-03 11:01:54','','','pending','2025-09-26 11:01:54','2025-09-26 11:01:54',709125.00,'pending','','pending'),(38,'TRX-20250926-5776-CUST',61,'2025-09-26 11:01:54','normal',1195009.00,0.00,'belum_lunas','2025-10-03 11:01:54','','','pending','2025-09-26 11:01:54','2025-09-26 11:01:54',1195009.00,'pending','','pending'),(39,'TRX-20250926-4780-CUST',61,'2025-09-26 11:01:54','normal',506916.00,0.00,'belum_lunas','2025-10-03 11:01:54','','','pending','2025-09-26 11:01:54','2025-09-26 11:01:54',506916.00,'pending','','pending'),(40,'TRX-20250926-6050-CUST',62,'2025-09-26 11:01:54','normal',635311.00,0.00,'belum_lunas','2025-10-03 11:01:54','','','pending','2025-09-26 11:01:54','2025-09-26 11:01:54',635311.00,'pending','','pending'),(41,'TRX-20250926-4091-CUST',62,'2025-09-26 11:01:54','normal',1016569.00,0.00,'belum_lunas','2025-10-03 11:01:54','','','pending','2025-09-26 11:01:54','2025-09-26 11:01:54',1016569.00,'pending','','pending'),(42,'TRX-20250926-4819-CUST',63,'2025-09-26 11:01:55','normal',841922.00,0.00,'belum_lunas','2025-10-03 11:01:55','','','pending','2025-09-26 11:01:55','2025-09-26 11:01:55',841922.00,'pending','','pending'),(43,'TRX-20250926-4881-CUST',63,'2025-09-26 11:01:55','normal',669029.00,0.00,'belum_lunas','2025-10-03 11:01:55','','','pending','2025-09-26 11:01:55','2025-09-26 11:01:55',669029.00,'pending','','pending'),(44,'TRX-20250926-9208-CUST',63,'2025-09-26 11:01:55','normal',536533.00,0.00,'belum_lunas','2025-10-03 11:01:55','','','pending','2025-09-26 11:01:55','2025-09-26 11:01:55',536533.00,'pending','','pending'),(45,'TRX-20250926-7175-CUST',64,'2025-09-26 11:01:55','normal',675919.00,0.00,'belum_lunas','2025-10-03 11:01:55','','','pending','2025-09-26 11:01:55','2025-09-26 11:01:55',675919.00,'pending','','pending'),(46,'TRX-20250926-8246-CUST',64,'2025-09-26 11:01:55','normal',495686.00,0.00,'belum_lunas','2025-10-03 11:01:55','','','pending','2025-09-26 11:01:55','2025-09-26 11:01:55',495686.00,'pending','','pending'),(47,'TRX-20250926-8889-CUST',64,'2025-09-26 11:01:55','normal',1078158.00,0.00,'belum_lunas','2025-10-03 11:01:55','','','pending','2025-09-26 11:01:55','2025-09-26 11:01:55',1078158.00,'pending','','pending'),(48,'TRX-20250926-4669-CUST',65,'2025-09-26 11:01:55','normal',1345093.00,0.00,'belum_lunas','2025-10-03 11:01:55','','','pending','2025-09-26 11:01:55','2025-09-26 11:01:55',1345093.00,'pending','','pending'),(50,'TRX-20250926-5482-CUST',56,'2025-09-26 11:02:19','normal',909698.00,0.00,'belum_lunas','2025-10-03 11:02:19','','','pending','2025-09-26 11:02:19','2025-09-26 11:02:19',909698.00,'pending','','pending'),(51,'TRX-20250926-7138-CUST',56,'2025-09-26 11:02:19','normal',1181723.00,0.00,'belum_lunas','2025-10-03 11:02:19','','','pending','2025-09-26 11:02:19','2025-09-26 11:02:19',1181723.00,'pending','','pending'),(52,'TRX-20250926-6028-CUST',57,'2025-09-26 11:02:19','normal',1294820.00,0.00,'belum_lunas','2025-10-03 11:02:19','','','pending','2025-09-26 11:02:19','2025-09-26 11:02:19',1294820.00,'pending','','pending'),(53,'TRX-20250926-4664-CUST',57,'2025-09-26 11:02:19','normal',1495245.00,0.00,'belum_lunas','2025-10-03 11:02:19','','','pending','2025-09-26 11:02:19','2025-09-26 11:02:19',1495245.00,'pending','','pending'),(54,'TRX-20250926-6390-CUST',58,'2025-09-26 11:02:20','normal',605516.00,0.00,'belum_lunas','2025-10-03 11:02:20','','','pending','2025-09-26 11:02:20','2025-09-26 11:02:20',605516.00,'pending','','pending'),(55,'TRX-20250926-9508-CUST',58,'2025-09-26 11:02:20','normal',1367352.00,0.00,'belum_lunas','2025-10-03 11:02:20','','','pending','2025-09-26 11:02:20','2025-09-26 11:02:20',1367352.00,'pending','','pending'),(56,'TRX-20250926-9309-CUST',58,'2025-09-26 11:02:20','normal',1345143.00,0.00,'belum_lunas','2025-10-03 11:02:20','','','pending','2025-09-26 11:02:20','2025-09-26 11:02:20',1345143.00,'pending','','pending'),(57,'TRX-20250926-9915-CUST',59,'2025-09-26 11:02:20','normal',341622.00,0.00,'belum_lunas','2025-10-03 11:02:20','','','pending','2025-09-26 11:02:20','2025-09-26 11:02:20',341622.00,'pending','','pending'),(58,'TRX-20250926-7283-CUST',59,'2025-09-26 11:02:21','normal',632991.00,0.00,'belum_lunas','2025-10-03 11:02:21','','','pending','2025-09-26 11:02:21','2025-09-26 11:02:21',632991.00,'pending','','pending'),(59,'TRX-20250926-8738-CUST',60,'2025-09-26 11:02:21','normal',1324402.00,0.00,'belum_lunas','2025-10-03 11:02:21','','','pending','2025-09-26 11:02:21','2025-09-26 11:02:21',1324402.00,'pending','','pending'),(60,'TRX-20250926-4027-CUST',60,'2025-09-26 11:02:21','normal',996066.00,0.00,'belum_lunas','2025-10-03 11:02:21','','','pending','2025-09-26 11:02:21','2025-09-26 11:02:21',996066.00,'pending','','pending'),(61,'TRX-20250926-8134-CUST',60,'2025-09-26 11:02:21','normal',636391.00,0.00,'belum_lunas','2025-10-03 11:02:21','','','pending','2025-09-26 11:02:21','2025-09-26 11:02:21',636391.00,'pending','','pending'),(62,'TRX-20250926-4884-CUST',61,'2025-09-26 11:02:21','normal',283069.00,0.00,'belum_lunas','2025-10-03 11:02:21','','','pending','2025-09-26 11:02:21','2025-09-26 11:02:21',283069.00,'pending','','pending'),(63,'TRX-20250926-3115-CUST',61,'2025-09-26 11:02:21','normal',1388525.00,0.00,'belum_lunas','2025-10-03 11:02:21','','','pending','2025-09-26 11:02:21','2025-09-26 11:02:21',1388525.00,'pending','','pending'),(64,'TRX-20250926-5338-CUST',61,'2025-09-26 11:02:21','normal',399414.00,0.00,'belum_lunas','2025-10-03 11:02:21','','','pending','2025-09-26 11:02:21','2025-09-26 11:02:21',399414.00,'pending','','pending'),(65,'TRX-20250926-1613-CUST',62,'2025-09-26 11:02:21','normal',943160.00,0.00,'belum_lunas','2025-10-03 11:02:21','','','pending','2025-09-26 11:02:21','2025-09-26 11:02:21',943160.00,'pending','','pending'),(66,'TRX-20250926-9976-CUST',62,'2025-09-26 11:02:21','normal',320767.00,0.00,'belum_lunas','2025-10-03 11:02:21','','','pending','2025-09-26 11:02:21','2025-09-26 11:02:21',320767.00,'pending','','pending'),(67,'TRX-20250926-6822-CUST',63,'2025-09-26 11:02:21','normal',661068.00,0.00,'belum_lunas','2025-10-03 11:02:21','','','pending','2025-09-26 11:02:21','2025-09-26 11:02:21',661068.00,'pending','','pending'),(68,'TRX-20250926-8454-CUST',63,'2025-09-26 11:02:21','normal',1300681.00,0.00,'belum_lunas','2025-10-03 11:02:21','','','pending','2025-09-26 11:02:21','2025-09-26 11:02:21',1300681.00,'pending','','pending'),(69,'TRX-20250926-7185-CUST',63,'2025-09-26 11:02:21','normal',1386846.00,0.00,'belum_lunas','2025-10-03 11:02:21','','','pending','2025-09-26 11:02:21','2025-09-26 11:02:21',1386846.00,'pending','','pending'),(70,'TRX-20250926-6570-CUST',64,'2025-09-26 11:02:21','normal',1228973.00,0.00,'belum_lunas','2025-10-03 11:02:21','','','pending','2025-09-26 11:02:21','2025-09-26 11:02:21',1228973.00,'pending','','pending'),(71,'TRX-20250926-4232-CUST',64,'2025-09-26 11:02:21','normal',467658.00,0.00,'belum_lunas','2025-10-03 11:02:21','','','pending','2025-09-26 11:02:21','2025-09-26 11:02:21',467658.00,'pending','','pending'),(72,'TRX-20250926-7328-CUST',64,'2025-09-26 11:02:21','normal',796949.00,0.00,'belum_lunas','2025-10-03 11:02:21','','','pending','2025-09-26 11:02:21','2025-09-26 11:02:21',796949.00,'pending','','pending'),(73,'TRX-20250926-5496-CUST',65,'2025-09-26 11:02:22','normal',1280200.00,0.00,'belum_lunas','2025-10-03 11:02:22','','','pending','2025-09-26 11:02:22','2025-09-26 11:02:22',1280200.00,'pending','','pending'),(74,'TRX-20250926-4594-CUST',65,'2025-09-26 11:02:22','normal',1048764.00,0.00,'belum_lunas','2025-10-03 11:02:22','','','pending','2025-09-26 11:02:22','2025-09-26 11:02:22',1048764.00,'pending','','pending'),(75,'TRX-20250926-5835-CUST',65,'2025-09-26 11:02:22','normal',1084214.00,0.00,'belum_lunas','2025-10-03 11:02:22','','','pending','2025-09-26 11:02:22','2025-09-26 11:02:22',1084214.00,'pending','','pending'),(76,'TRX-20250926-9769-CUST',66,'2025-09-26 11:02:22','normal',1203808.00,0.00,'belum_lunas','2025-10-03 11:02:22','','','pending','2025-09-26 11:02:22','2025-09-26 11:02:22',1203808.00,'pending','','pending'),(77,'TRX-20250926-3348-CUST',66,'2025-09-26 11:02:22','normal',713487.00,0.00,'belum_lunas','2025-10-03 11:02:22','','','pending','2025-09-26 11:02:22','2025-09-26 11:02:22',713487.00,'pending','','pending'),(78,'TRX-20250926-4876-CUST',67,'2025-09-26 11:02:22','normal',284569.00,0.00,'belum_lunas','2025-10-03 11:02:22','','','pending','2025-09-26 11:02:22','2025-09-26 11:02:22',284569.00,'pending','','pending'),(79,'TRX-20250926-8964-CUST',67,'2025-09-26 11:02:22','normal',1306605.00,0.00,'belum_lunas','2025-10-03 11:02:22','','','pending','2025-09-26 11:02:22','2025-09-26 11:02:22',1306605.00,'pending','','pending'),(80,'TRX-20250926-4745-CUST',67,'2025-09-26 11:02:22','normal',1230524.00,0.00,'belum_lunas','2025-10-03 11:02:22','','','pending','2025-09-26 11:02:22','2025-09-26 11:02:22',1230524.00,'pending','','pending'),(81,'TRX-20250926-9496-CUST',68,'2025-09-26 11:02:22','normal',1426821.00,0.00,'belum_lunas','2025-10-03 11:02:22','','','pending','2025-09-26 11:02:22','2025-09-26 11:02:22',1426821.00,'pending','','pending'),(82,'TRX-20250926-1201-CUST',68,'2025-09-26 11:02:22','normal',317305.00,0.00,'belum_lunas','2025-10-03 11:02:22','','','pending','2025-09-26 11:02:22','2025-09-26 11:02:22',317305.00,'pending','','pending'),(83,'TRX-20250926-1852-CUST',69,'2025-09-26 11:02:22','normal',351926.00,0.00,'belum_lunas','2025-10-03 11:02:22','','','pending','2025-09-26 11:02:22','2025-09-26 11:02:22',351926.00,'pending','','pending'),(84,'TRX-20250926-8220-CUST',69,'2025-09-26 11:02:22','normal',1380620.00,0.00,'belum_lunas','2025-10-03 11:02:22','','','pending','2025-09-26 11:02:22','2025-09-26 11:02:22',1380620.00,'pending','','pending'),(85,'TRX-20250926-6815-CUST',69,'2025-09-26 11:02:22','normal',471302.00,0.00,'belum_lunas','2025-10-03 11:02:22','','','pending','2025-09-26 11:02:22','2025-09-26 11:02:22',471302.00,'pending','','pending'),(86,'TRX-20250926-1975-CUST',70,'2025-09-26 11:02:22','normal',467822.00,0.00,'belum_lunas','2025-10-03 11:02:22','','','pending','2025-09-26 11:02:22','2025-09-26 11:02:22',467822.00,'pending','','pending'),(87,'TRX-20250926-9432-CUST',70,'2025-09-26 11:02:20','normal',632947.00,0.00,'belum_lunas','2025-10-03 11:02:20','','','pending','2025-09-26 11:02:20','2025-09-26 11:02:20',632947.00,'pending','','pending'),(88,'TRX-20250926-5371-CUST',70,'2025-09-26 11:02:20','normal',1065537.00,0.00,'belum_lunas','2025-10-03 11:02:20','','','pending','2025-09-26 11:02:20','2025-09-26 11:02:20',1065537.00,'pending','','pending'),(89,'TRX-20250926-3181-CUST',71,'2025-09-26 11:02:20','normal',1266279.00,0.00,'belum_lunas','2025-10-03 11:02:20','','','pending','2025-09-26 11:02:20','2025-09-26 11:02:20',1266279.00,'pending','','pending'),(90,'TRX-20250926-9630-CUST',71,'2025-09-26 11:02:20','normal',1204965.00,0.00,'belum_lunas','2025-10-03 11:02:20','','','pending','2025-09-26 11:02:20','2025-09-26 11:02:20',1204965.00,'pending','','pending'),(91,'TRX-20250926-2834-CUST',71,'2025-09-26 11:02:20','normal',456498.00,0.00,'belum_lunas','2025-10-03 11:02:20','','','pending','2025-09-26 11:02:20','2025-09-26 11:02:20',456498.00,'pending','','pending'),(92,'TRX-20250926-2815-CUST',72,'2025-09-26 11:02:20','normal',1197616.00,0.00,'belum_lunas','2025-10-03 11:02:20','','','pending','2025-09-26 11:02:20','2025-09-26 11:02:20',1197616.00,'pending','','pending'),(93,'TRX-20250926-9967-CUST',72,'2025-09-26 11:02:20','normal',1048645.00,0.00,'belum_lunas','2025-10-03 11:02:20','','','pending','2025-09-26 11:02:20','2025-09-26 11:02:20',1048645.00,'pending','','pending'),(95,'TRX-TEST-001',73,'2025-09-26 11:03:50','normal',100000.00,0.00,'belum_lunas','2025-10-03 11:03:50','','','pending','2025-09-26 11:03:50','2025-09-26 11:03:50',100000.00,'pending','','pending'),(96,'TRX-20250926-3150-CUST',56,'2025-09-26 11:04:17','normal',589823.00,0.00,'belum_lunas','2025-10-03 11:04:17','','','pending','2025-09-26 11:04:17','2025-09-26 11:04:17',589823.00,'pending','','pending'),(98,'TRX-20250926-3492-CUST',56,'2025-09-26 11:04:37','normal',320001.00,0.00,'belum_lunas','2025-10-03 11:04:37','','','pending','2025-09-26 11:04:37','2025-09-26 11:04:37',320001.00,'pending','','pending'),(99,'TRX-20250926-8817-CUST',56,'2025-09-26 11:04:37','normal',1001674.00,0.00,'belum_lunas','2025-10-03 11:04:37','','','pending','2025-09-26 11:04:37','2025-09-26 11:04:37',1001674.00,'pending','','pending'),(100,'TRX-20250926-7861-CUST',56,'2025-09-26 11:04:37','normal',218766.00,0.00,'belum_lunas','2025-10-03 11:04:37','','','pending','2025-09-26 11:04:37','2025-09-26 11:04:37',218766.00,'pending','','pending'),(101,'TRX-20250926-6249-CUST',57,'2025-09-26 11:04:37','normal',1200152.00,0.00,'belum_lunas','2025-10-03 11:04:37','','','pending','2025-09-26 11:04:37','2025-09-26 11:04:37',1200152.00,'pending','','pending'),(102,'TRX-20250926-4281-CUST',57,'2025-09-26 11:04:37','normal',1080436.00,0.00,'belum_lunas','2025-10-03 11:04:37','','','pending','2025-09-26 11:04:37','2025-09-26 11:04:37',1080436.00,'pending','','pending'),(103,'TRX-20250926-9025-CUST',57,'2025-09-26 11:04:37','normal',1481515.00,0.00,'belum_lunas','2025-10-03 11:04:37','','','pending','2025-09-26 11:04:37','2025-09-26 11:04:37',1481515.00,'pending','','pending'),(104,'TRX-20250926-4951-CUST',58,'2025-09-26 11:04:37','normal',606219.00,0.00,'belum_lunas','2025-10-03 11:04:37','','','pending','2025-09-26 11:04:37','2025-09-26 11:04:37',606219.00,'pending','','pending'),(105,'TRX-20250926-6188-CUST',58,'2025-09-26 11:04:37','normal',442388.00,0.00,'belum_lunas','2025-10-03 11:04:37','','','pending','2025-09-26 11:04:37','2025-09-26 11:04:37',442388.00,'pending','','pending'),(106,'TRX-20250926-3473-CUST',58,'2025-09-26 11:04:37','normal',823290.00,0.00,'belum_lunas','2025-10-03 11:04:37','','','pending','2025-09-26 11:04:37','2025-09-26 11:04:37',823290.00,'pending','','pending'),(107,'TRX-20250926-9652-CUST',59,'2025-09-26 11:04:37','normal',1058119.00,0.00,'belum_lunas','2025-10-03 11:04:37','','','pending','2025-09-26 11:04:37','2025-09-26 11:04:37',1058119.00,'pending','','pending'),(108,'TRX-20250926-1892-CUST',59,'2025-09-26 11:04:38','normal',1023523.00,0.00,'belum_lunas','2025-10-03 11:04:38','','','pending','2025-09-26 11:04:38','2025-09-26 11:04:38',1023523.00,'pending','','pending'),(109,'TRX-20250926-7796-CUST',59,'2025-09-26 11:04:38','normal',575474.00,0.00,'belum_lunas','2025-10-03 11:04:38','','','pending','2025-09-26 11:04:38','2025-09-26 11:04:38',575474.00,'pending','','pending'),(110,'TRX-20250926-1368-CUST',60,'2025-09-26 11:04:38','normal',383463.00,0.00,'belum_lunas','2025-10-03 11:04:38','','','pending','2025-09-26 11:04:38','2025-09-26 11:04:38',383463.00,'pending','','pending'),(111,'TRX-20250926-3848-CUST',60,'2025-09-26 11:04:38','normal',1032279.00,0.00,'belum_lunas','2025-10-03 11:04:38','','','pending','2025-09-26 11:04:38','2025-09-26 11:04:38',1032279.00,'pending','','pending'),(112,'TRX-20250926-3764-CUST',61,'2025-09-26 11:04:38','normal',418304.00,0.00,'belum_lunas','2025-10-03 11:04:38','','','pending','2025-09-26 11:04:38','2025-09-26 11:04:38',418304.00,'pending','','pending'),(113,'TRX-20250926-5341-CUST',61,'2025-09-26 11:04:38','normal',284612.00,0.00,'belum_lunas','2025-10-03 11:04:38','','','pending','2025-09-26 11:04:38','2025-09-26 11:04:38',284612.00,'pending','','pending'),(114,'TRX-20250926-1711-CUST',62,'2025-09-26 11:04:38','normal',714551.00,0.00,'belum_lunas','2025-10-03 11:04:38','','','pending','2025-09-26 11:04:38','2025-09-26 11:04:38',714551.00,'pending','','pending'),(115,'TRX-20250926-8284-CUST',62,'2025-09-26 11:04:38','normal',1340967.00,0.00,'belum_lunas','2025-10-03 11:04:38','','','pending','2025-09-26 11:04:38','2025-09-26 11:04:38',1340967.00,'pending','','pending'),(116,'TRX-20250926-7511-CUST',62,'2025-09-26 11:04:38','normal',1228946.00,0.00,'belum_lunas','2025-10-03 11:04:38','','','pending','2025-09-26 11:04:38','2025-09-26 11:04:38',1228946.00,'pending','','pending'),(117,'TRX-20250926-7853-CUST',63,'2025-09-26 11:04:38','normal',1397038.00,0.00,'belum_lunas','2025-10-03 11:04:38','','','pending','2025-09-26 11:04:38','2025-09-26 11:04:38',1397038.00,'pending','','pending'),(118,'TRX-20250926-1312-CUST',63,'2025-09-26 11:04:38','normal',1377145.00,0.00,'belum_lunas','2025-10-03 11:04:38','','','pending','2025-09-26 11:04:38','2025-09-26 11:04:38',1377145.00,'pending','','pending'),(119,'TRX-20250926-1046-CUST',64,'2025-09-26 11:04:38','normal',903383.00,0.00,'belum_lunas','2025-10-03 11:04:38','','','pending','2025-09-26 11:04:38','2025-09-26 11:04:38',903383.00,'pending','','pending'),(120,'TRX-20250926-8546-CUST',64,'2025-09-26 11:04:38','normal',1167048.00,0.00,'belum_lunas','2025-10-03 11:04:38','','','pending','2025-09-26 11:04:38','2025-09-26 11:04:38',1167048.00,'pending','','pending'),(121,'TRX-20250926-3159-CUST',64,'2025-09-26 11:04:38','normal',666392.00,0.00,'belum_lunas','2025-10-03 11:04:38','','','pending','2025-09-26 11:04:38','2025-09-26 11:04:38',666392.00,'pending','','pending'),(122,'TRX-20250926-3891-CUST',65,'2025-09-26 11:04:39','normal',689414.00,0.00,'belum_lunas','2025-10-03 11:04:39','','','pending','2025-09-26 11:04:39','2025-09-26 11:04:39',689414.00,'pending','','pending'),(123,'TRX-20250926-1677-CUST',65,'2025-09-26 11:04:39','normal',688360.00,0.00,'belum_lunas','2025-10-03 11:04:39','','','pending','2025-09-26 11:04:39','2025-09-26 11:04:39',688360.00,'pending','','pending'),(124,'TRX-20250926-2206-CUST',66,'2025-09-26 11:04:39','normal',876563.00,0.00,'belum_lunas','2025-10-03 11:04:39','','','pending','2025-09-26 11:04:39','2025-09-26 11:04:39',876563.00,'pending','','pending'),(125,'TRX-20250926-7919-CUST',66,'2025-09-26 11:04:39','normal',1476937.00,0.00,'belum_lunas','2025-10-03 11:04:39','','','pending','2025-09-26 11:04:39','2025-09-26 11:04:39',1476937.00,'pending','','pending'),(126,'TRX-20250926-6012-CUST',66,'2025-09-26 11:04:39','normal',1222858.00,0.00,'belum_lunas','2025-10-03 11:04:39','','','pending','2025-09-26 11:04:39','2025-09-26 11:04:39',1222858.00,'pending','','pending'),(127,'TRX-20250926-7040-CUST',67,'2025-09-26 11:04:39','normal',486434.00,0.00,'belum_lunas','2025-10-03 11:04:39','','','pending','2025-09-26 11:04:39','2025-09-26 11:04:39',486434.00,'pending','','pending'),(128,'TRX-20250926-2386-CUST',67,'2025-09-26 11:04:39','normal',559361.00,0.00,'belum_lunas','2025-10-03 11:04:39','','','pending','2025-09-26 11:04:39','2025-09-26 11:04:39',559361.00,'pending','','pending'),(129,'TRX-20250926-1629-CUST',68,'2025-09-26 11:04:39','normal',1001017.00,0.00,'belum_lunas','2025-10-03 11:04:39','','','pending','2025-09-26 11:04:39','2025-09-26 11:04:39',1001017.00,'pending','','pending'),(130,'TRX-20250926-3785-CUST',68,'2025-09-26 11:04:39','normal',1332560.00,0.00,'belum_lunas','2025-10-03 11:04:39','','','pending','2025-09-26 11:04:39','2025-09-26 11:04:39',1332560.00,'pending','','pending'),(131,'TRX-20250926-4087-CUST',68,'2025-09-26 11:04:39','normal',1489777.00,0.00,'belum_lunas','2025-10-03 11:04:39','','','pending','2025-09-26 11:04:39','2025-09-26 11:04:39',1489777.00,'pending','','pending'),(132,'TRX-20250926-1788-CUST',69,'2025-09-26 11:04:39','normal',1211199.00,0.00,'belum_lunas','2025-10-03 11:04:39','','','pending','2025-09-26 11:04:39','2025-09-26 11:04:39',1211199.00,'pending','','pending'),(133,'TRX-20250926-7069-CUST',69,'2025-09-26 11:04:39','normal',700522.00,0.00,'belum_lunas','2025-10-03 11:04:39','','','pending','2025-09-26 11:04:39','2025-09-26 11:04:39',700522.00,'pending','','pending'),(134,'TRX-20250926-1357-CUST',70,'2025-09-26 11:04:39','normal',553442.00,0.00,'belum_lunas','2025-10-03 11:04:39','','','pending','2025-09-26 11:04:39','2025-09-26 11:04:39',553442.00,'pending','','pending'),(135,'TRX-20250926-4250-CUST',70,'2025-09-26 11:04:39','normal',534143.00,0.00,'belum_lunas','2025-10-03 11:04:39','','','pending','2025-09-26 11:04:39','2025-09-26 11:04:39',534143.00,'pending','','pending'),(136,'TRX-20250926-7158-CUST',71,'2025-09-26 11:04:39','normal',1249598.00,0.00,'belum_lunas','2025-10-03 11:04:39','','','pending','2025-09-26 11:04:39','2025-09-26 11:04:39',1249598.00,'pending','','pending'),(137,'TRX-20250926-1011-CUST',71,'2025-09-26 11:04:39','normal',770124.00,0.00,'belum_lunas','2025-10-03 11:04:39','','','pending','2025-09-26 11:04:39','2025-09-26 11:04:39',770124.00,'pending','','pending'),(139,'TRX-20250926-1758884715860-9652-CUST',56,'2025-09-26 11:05:15','normal',211066.00,0.00,'belum_lunas','2025-10-03 11:05:15','','','pending','2025-09-26 11:05:15','2025-09-26 11:05:15',211066.00,'pending','','pending'),(140,'TRX-20250926-1758884715918-49912-CUST',56,'2025-09-26 11:05:15','normal',874309.00,0.00,'belum_lunas','2025-10-03 11:05:15','','','pending','2025-09-26 11:05:15','2025-09-26 11:05:15',874309.00,'pending','','pending'),(141,'TRX-20250926-1758884715955-13303-CUST',56,'2025-09-26 11:05:15','normal',566223.00,0.00,'belum_lunas','2025-10-03 11:05:15','','','pending','2025-09-26 11:05:15','2025-09-26 11:05:15',566223.00,'pending','','pending'),(142,'TRX-20250926-1758884716010-34035-CUST',57,'2025-09-26 11:05:16','normal',1279593.00,0.00,'belum_lunas','2025-10-03 11:05:16','','','pending','2025-09-26 11:05:16','2025-09-26 11:05:16',1279593.00,'pending','','pending'),(143,'TRX-20250926-1758884716048-29154-CUST',57,'2025-09-26 11:05:16','normal',1000286.00,0.00,'belum_lunas','2025-10-03 11:05:16','','','pending','2025-09-26 11:05:16','2025-09-26 11:05:16',1000286.00,'pending','','pending'),(144,'TRX-20250926-1758884716106-6772-CUST',57,'2025-09-26 11:05:16','normal',847172.00,0.00,'belum_lunas','2025-10-03 11:05:16','','','pending','2025-09-26 11:05:16','2025-09-26 11:05:16',847172.00,'pending','','pending'),(145,'TRX-20250926-1758884716204-5341-CUST',58,'2025-09-26 11:05:16','normal',394224.00,0.00,'belum_lunas','2025-10-03 11:05:16','','','pending','2025-09-26 11:05:16','2025-09-26 11:05:16',394224.00,'pending','','pending'),(146,'TRX-20250926-1758884716242-65613-CUST',58,'2025-09-26 11:05:16','normal',1337705.00,0.00,'belum_lunas','2025-10-03 11:05:16','','','pending','2025-09-26 11:05:16','2025-09-26 11:05:16',1337705.00,'pending','','pending'),(147,'TRX-20250926-1758884716277-46042-CUST',59,'2025-09-26 11:05:16','normal',485266.00,0.00,'belum_lunas','2025-10-03 11:05:16','','','pending','2025-09-26 11:05:16','2025-09-26 11:05:16',485266.00,'pending','','pending'),(148,'TRX-20250926-1758884716337-36573-CUST',59,'2025-09-26 11:05:16','normal',554100.00,0.00,'belum_lunas','2025-10-03 11:05:16','','','pending','2025-09-26 11:05:16','2025-09-26 11:05:16',554100.00,'pending','','pending'),(149,'TRX-20250926-1758884716391-61977-CUST',60,'2025-09-26 11:05:16','normal',498132.00,0.00,'belum_lunas','2025-10-03 11:05:16','','','pending','2025-09-26 11:05:16','2025-09-26 11:05:16',498132.00,'pending','','pending'),(150,'TRX-20250926-1758884716451-87430-CUST',60,'2025-09-26 11:05:16','normal',422569.00,0.00,'belum_lunas','2025-10-03 11:05:16','','','pending','2025-09-26 11:05:16','2025-09-26 11:05:16',422569.00,'pending','','pending'),(151,'TRX-20250926-1758884716648-67046-CUST',61,'2025-09-26 11:05:16','normal',679371.00,0.00,'belum_lunas','2025-10-03 11:05:16','','','pending','2025-09-26 11:05:16','2025-09-26 11:05:16',679371.00,'pending','','pending'),(152,'TRX-20250926-1758884716699-31920-CUST',61,'2025-09-26 11:05:16','normal',1462974.00,0.00,'belum_lunas','2025-10-03 11:05:16','','','pending','2025-09-26 11:05:16','2025-09-26 11:05:16',1462974.00,'pending','','pending'),(153,'TRX-20250926-1758884716733-26849-CUST',61,'2025-09-26 11:05:16','normal',330408.00,0.00,'belum_lunas','2025-10-03 11:05:16','','','pending','2025-09-26 11:05:16','2025-09-26 11:05:16',330408.00,'pending','','pending'),(154,'TRX-20250926-1758884716772-49985-CUST',62,'2025-09-26 11:05:16','normal',693995.00,0.00,'belum_lunas','2025-10-03 11:05:16','','','pending','2025-09-26 11:05:16','2025-09-26 11:05:16',693995.00,'pending','','pending'),(155,'TRX-20250926-1758884716816-42469-CUST',62,'2025-09-26 11:05:16','normal',767954.00,0.00,'belum_lunas','2025-10-03 11:05:16','','','pending','2025-09-26 11:05:16','2025-09-26 11:05:16',767954.00,'pending','','pending'),(156,'TRX-20250926-1758884716867-57206-CUST',62,'2025-09-26 11:05:16','normal',773367.00,0.00,'belum_lunas','2025-10-03 11:05:16','','','pending','2025-09-26 11:05:16','2025-09-26 11:05:16',773367.00,'pending','','pending'),(157,'TRX-20250926-1758884716919-6489-CUST',63,'2025-09-26 11:05:16','normal',1118876.00,0.00,'belum_lunas','2025-10-03 11:05:16','','','pending','2025-09-26 11:05:16','2025-09-26 11:05:16',1118876.00,'pending','','pending'),(158,'TRX-20250926-1758884716954-29278-CUST',63,'2025-09-26 11:05:16','normal',409870.00,0.00,'belum_lunas','2025-10-03 11:05:16','','','pending','2025-09-26 11:05:16','2025-09-26 11:05:16',409870.00,'pending','','pending'),(159,'TRX-20250926-1758884717004-64341-CUST',64,'2025-09-26 11:05:17','normal',1135412.00,0.00,'belum_lunas','2025-10-03 11:05:17','','','pending','2025-09-26 11:05:17','2025-09-26 11:05:17',1135412.00,'pending','','pending'),(160,'TRX-20250926-1758884717053-30977-CUST',64,'2025-09-26 11:05:17','normal',1043503.00,0.00,'belum_lunas','2025-10-03 11:05:17','','','pending','2025-09-26 11:05:17','2025-09-26 11:05:17',1043503.00,'pending','','pending'),(161,'TRX-20250926-1758884717104-86733-CUST',64,'2025-09-26 11:05:17','normal',1099110.00,0.00,'belum_lunas','2025-10-03 11:05:17','','','pending','2025-09-26 11:05:17','2025-09-26 11:05:17',1099110.00,'pending','','pending'),(162,'TRX-20250926-1758884717141-62288-CUST',65,'2025-09-26 11:05:17','normal',1250277.00,0.00,'belum_lunas','2025-10-03 11:05:17','','','pending','2025-09-26 11:05:17','2025-09-26 11:05:17',1250277.00,'pending','','pending'),(163,'TRX-20250926-1758884717178-78580-CUST',65,'2025-09-26 11:05:17','normal',1243013.00,0.00,'belum_lunas','2025-10-03 11:05:17','','','pending','2025-09-26 11:05:17','2025-09-26 11:05:17',1243013.00,'pending','','pending'),(164,'TRX-20250926-1758884717237-44243-CUST',66,'2025-09-26 11:05:17','normal',725523.00,0.00,'belum_lunas','2025-10-03 11:05:17','','','pending','2025-09-26 11:05:17','2025-09-26 11:05:17',725523.00,'pending','','pending'),(165,'TRX-20250926-1758884717307-9848-CUST',66,'2025-09-26 11:05:17','normal',232214.00,0.00,'belum_lunas','2025-10-03 11:05:17','','','pending','2025-09-26 11:05:17','2025-09-26 11:05:17',232214.00,'pending','','pending'),(166,'TRX-20250926-1758884717366-56203-CUST',67,'2025-09-26 11:05:17','normal',937108.00,0.00,'belum_lunas','2025-10-03 11:05:17','','','pending','2025-09-26 11:05:17','2025-09-26 11:05:17',937108.00,'pending','','pending'),(167,'TRX-20250926-1758884717432-42482-CUST',67,'2025-09-26 11:05:17','normal',793706.00,0.00,'belum_lunas','2025-10-03 11:05:17','','','pending','2025-09-26 11:05:17','2025-09-26 11:05:17',793706.00,'pending','','pending'),(168,'TRX-20250926-1758884717472-79107-CUST',67,'2025-09-26 11:05:17','normal',567359.00,0.00,'belum_lunas','2025-10-03 11:05:17','','','pending','2025-09-26 11:05:17','2025-09-26 11:05:17',567359.00,'pending','','pending'),(169,'TRX-20250926-1758884717529-43282-CUST',68,'2025-09-26 11:05:17','normal',1105012.00,0.00,'belum_lunas','2025-10-03 11:05:17','','','pending','2025-09-26 11:05:17','2025-09-26 11:05:17',1105012.00,'pending','','pending'),(170,'TRX-20250926-1758884717570-65886-CUST',68,'2025-09-26 11:05:17','normal',1359319.00,0.00,'belum_lunas','2025-10-03 11:05:17','','','pending','2025-09-26 11:05:17','2025-09-26 11:05:17',1359319.00,'pending','','pending'),(171,'TRX-20250926-1758884717604-84826-CUST',69,'2025-09-26 11:05:17','normal',1205192.00,0.00,'belum_lunas','2025-10-03 11:05:17','','','pending','2025-09-26 11:05:17','2025-09-26 11:05:17',1205192.00,'pending','','pending'),(172,'TRX-20250926-1758884717640-4545-CUST',69,'2025-09-26 11:05:17','normal',525984.00,0.00,'belum_lunas','2025-10-03 11:05:17','','','pending','2025-09-26 11:05:17','2025-09-26 11:05:17',525984.00,'pending','','pending'),(173,'TRX-20250926-1758884717683-8347-CUST',70,'2025-09-26 11:05:17','normal',519461.00,0.00,'belum_lunas','2025-10-03 11:05:17','','','pending','2025-09-26 11:05:17','2025-09-26 11:05:17',519461.00,'pending','','pending'),(174,'TRX-20250926-1758884717841-84467-CUST',70,'2025-09-26 11:05:17','normal',1188071.00,0.00,'belum_lunas','2025-10-03 11:05:17','','','pending','2025-09-26 11:05:17','2025-09-26 11:05:17',1188071.00,'pending','','pending'),(175,'TRX-20250926-1758884717903-29112-CUST',71,'2025-09-26 11:05:17','normal',666479.00,0.00,'belum_lunas','2025-10-03 11:05:17','','','pending','2025-09-26 11:05:17','2025-09-26 11:05:17',666479.00,'pending','','pending'),(176,'TRX-20250926-1758884717934-36906-CUST',71,'2025-09-26 11:05:17','normal',1303259.00,0.00,'belum_lunas','2025-10-03 11:05:17','','','pending','2025-09-26 11:05:17','2025-09-26 11:05:17',1303259.00,'pending','','pending'),(177,'TRX-20250926-1758884717972-41864-CUST',72,'2025-09-26 11:05:17','normal',221446.00,0.00,'belum_lunas','2025-10-03 11:05:17','','','pending','2025-09-26 11:05:17','2025-09-26 11:05:17',221446.00,'pending','','pending'),(178,'TRX-20250926-1758884718010-84601-CUST',72,'2025-09-26 11:05:18','normal',1201772.00,0.00,'belum_lunas','2025-10-03 11:05:18','','','pending','2025-09-26 11:05:18','2025-09-26 11:05:18',1201772.00,'pending','','pending'),(179,'TRX-20250926-1758884718058-59647-CUST',72,'2025-09-26 11:05:18','normal',1055671.00,0.00,'belum_lunas','2025-10-03 11:05:18','','','pending','2025-09-26 11:05:18','2025-09-26 11:05:18',1055671.00,'pending','','pending'),(180,'TRX-20250926-1758884718116-70122-CUST',74,'2025-09-26 11:05:18','normal',539522.00,0.00,'belum_lunas','2025-10-03 11:05:18','','','pending','2025-09-26 11:05:18','2025-09-26 11:05:18',539522.00,'pending','','pending'),(181,'TRX-20250926-1758884718153-45563-CUST',74,'2025-09-26 11:05:18','normal',333431.00,0.00,'belum_lunas','2025-10-03 11:05:18','','','pending','2025-09-26 11:05:18','2025-09-26 11:05:18',333431.00,'pending','','pending'),(182,'TRX-20250926-1758884718188-45382-CUST',74,'2025-09-26 11:05:18','normal',1418404.00,0.00,'belum_lunas','2025-10-03 11:05:18','','','pending','2025-09-26 11:05:18','2025-09-26 11:05:18',1418404.00,'pending','','pending'),(183,'TRX-20250926-1758884718238-76529-CUST',75,'2025-09-26 11:05:18','normal',1040238.00,0.00,'belum_lunas','2025-10-03 11:05:18','','','pending','2025-09-26 11:05:18','2025-09-26 11:05:18',1040238.00,'pending','','pending'),(184,'TRX-20250926-1758884718273-44979-CUST',75,'2025-09-26 11:05:18','normal',1357782.00,0.00,'belum_lunas','2025-10-03 11:05:18','','','pending','2025-09-26 11:05:18','2025-09-26 11:05:18',1357782.00,'pending','','pending'),(185,'TRX-20250926-1758884718312-64816-CUST',75,'2025-09-26 11:05:18','normal',807823.00,0.00,'belum_lunas','2025-10-03 11:05:18','','','pending','2025-09-26 11:05:18','2025-09-26 11:05:18',807823.00,'pending','','pending'),(186,'TRX-20250926-1758884718365-3914-CUST',76,'2025-09-26 11:05:18','normal',687714.00,0.00,'belum_lunas','2025-10-03 11:05:18','','','pending','2025-09-26 11:05:18','2025-09-26 11:05:18',687714.00,'pending','','pending'),(187,'TRX-20250926-1758884718409-33280-CUST',76,'2025-09-26 11:05:18','normal',1222549.00,0.00,'belum_lunas','2025-10-03 11:05:18','','','pending','2025-09-26 11:05:18','2025-09-26 11:05:18',1222549.00,'pending','','pending'),(188,'TRX-20250926-1758884718442-23629-CUST',76,'2025-09-26 11:05:18','normal',1021862.00,0.00,'belum_lunas','2025-10-03 11:05:18','','','pending','2025-09-26 11:05:18','2025-09-26 11:05:18',1021862.00,'pending','','pending'),(189,'TRX-27092025-8923-TESTNOTIFTIGA',32,'2025-09-27 04:13:14','normal',2500000.00,0.00,'belum_lunas','2025-10-04 04:13:14','','','pending',NULL,'2025-09-27 04:13:21',2500000.00,'pending','','pending');
/*!40000 ALTER TABLE `orders` ENABLE KEYS */;
UNLOCK TABLES;

--
-- Table structure for table `payments`
--

DROP TABLE IF EXISTS `payments`;
/*!40101 SET @saved_cs_client     = @@character_set_client */;
/*!50503 SET character_set_client = utf8mb4 */;
CREATE TABLE `payments` (
  `id_payment` int NOT NULL AUTO_INCREMENT,
  `nominal` decimal(15,2) NOT NULL,
  `tanggal` datetime NOT NULL DEFAULT CURRENT_TIMESTAMP,
  `bukti` varchar(255) DEFAULT NULL,
  `tipe` enum('dp','pelunasan') NOT NULL,
  `no_transaksi` varchar(255) NOT NULL,
  `no_hp` varchar(255) NOT NULL,
  `status` enum('pending','menunggu_verifikasi','verified','confirmed') DEFAULT 'pending',
  PRIMARY KEY (`id_payment`),
  KEY `no_transaksi` (`no_transaksi`),
  KEY `no_hp` (`no_hp`),
  CONSTRAINT `payments_ibfk_869` FOREIGN KEY (`no_transaksi`) REFERENCES `orders` (`no_transaksi`) ON UPDATE CASCADE,
  CONSTRAINT `payments_ibfk_870` FOREIGN KEY (`no_hp`) REFERENCES `customers` (`no_hp`) ON UPDATE CASCADE
) ENGINE=InnoDB AUTO_INCREMENT=128 DEFAULT CHARSET=utf8mb4 COLLATE=utf8mb4_0900_ai_ci;
/*!40101 SET character_set_client = @saved_cs_client */;

--
-- Dumping data for table `payments`
--

LOCK TABLES `payments` WRITE;
/*!40000 ALTER TABLE `payments` DISABLE KEYS */;
INSERT INTO `payments` VALUES (1,250000.00,'2025-09-26 10:20:23','https://drive.google.com/file/d/1HNYc_mCAHfTW5KYORv2H_zVs_fd62y1d/view?usp=drivesdk','dp','TRX-26092025-7992-CICI','6288806301215','verified'),(2,350000.00,'2025-09-26 10:23:40','https://drive.google.com/file/d/1TwcKpPOT6sA1_9q5Qo9Jz2zOPGr3X5ti/view?usp=drivesdk','dp','TRX-26092025-7992-CICI','6288806301215','verified'),(3,250000.00,'2025-09-26 10:52:58','https://example.com/bukti/18deccad-2201-4510-ac86-1eb7ed2e5c02.jpg','dp','TRX-20250926-2089-CICI','6288806301215','verified'),(4,1200000.00,'2025-09-26 10:52:59','https://example.com/bukti/903cc7c2-8645-4f7a-aca6-da0202d47014.jpg','pelunasan','TRX-20250926-7079-BUDI','6287700000003','verified'),(5,300000.00,'2025-09-26 10:52:59','https://example.com/bukti/3ae97648-1bb9-472e-8ee4-43385c49c9e8.jpg','dp','TRX-20250926-3216-AYU','6287700000004','verified'),(6,294844.00,'2025-09-26 11:01:40','https://example.com/bukti/70e03bb3-c54a-4dee-a710-3310fd0121aa.jpg','dp','TRX-20250926-8902-CUST','62877000001001','verified'),(7,182285.00,'2025-09-26 11:01:40','https://example.com/bukti/2c3c85b2-e71e-40ef-bca0-ac9f44b34569.jpg','dp','TRX-20250926-7652-CUST','62877000001002','verified'),(8,876277.00,'2025-09-26 11:01:40','https://example.com/bukti/94a014cb-d776-4dba-a9aa-3ebbb2db791c.jpg','pelunasan','TRX-20250926-1432-CUST','62877000001002','verified'),(9,1473352.00,'2025-09-26 11:01:40','https://example.com/bukti/2366920e-7377-4a07-bc27-92fd95a7de48.jpg','pelunasan','TRX-20250926-7210-CUST','62877000001003','verified'),(10,439768.00,'2025-09-26 11:01:40','https://example.com/bukti/c8fff55e-3baa-4b4f-9101-545fc9bb3a17.jpg','dp','TRX-20250926-2597-CUST','62877000001003','verified'),(11,151620.00,'2025-09-26 11:01:40','https://example.com/bukti/ed2e0361-a92d-4248-9c11-d29f8d78515d.jpg','dp','TRX-20250926-2840-CUST','62877000001004','verified'),(12,280653.00,'2025-09-26 11:01:40','https://example.com/bukti/170fcaf5-360a-4e40-87ee-0367b777d889.jpg','dp','TRX-20250926-2659-CUST','62877000001004','verified'),(13,466664.00,'2025-09-26 11:01:40','https://example.com/bukti/ac6a00f0-a916-4c57-9786-b9afa4e4f5a3.jpg','pelunasan','TRX-20250926-4165-CUST','62877000001005','verified'),(14,881259.00,'2025-09-26 11:01:40','https://example.com/bukti/744cef81-0901-4c23-ab43-3b0cd54323bf.jpg','pelunasan','TRX-20250926-6677-CUST','62877000001005','verified'),(15,744332.00,'2025-09-26 11:01:40','https://example.com/bukti/13dffcd4-df83-486b-a63e-69d15a6a520a.jpg','pelunasan','TRX-20250926-5151-CUST','62877000001006','verified'),(16,324715.00,'2025-09-26 11:01:40','https://example.com/bukti/611aa755-83e4-4659-aebf-47451cf1dfcc.jpg','dp','TRX-20250926-9418-CUST','62877000001007','verified'),(17,141545.00,'2025-09-26 11:01:40','https://example.com/bukti/4dd9bd5b-5031-496f-a143-c4d5d3053492.jpg','dp','TRX-20250926-5704-CUST','62877000001007','verified'),(18,510047.00,'2025-09-26 11:01:54','https://example.com/bukti/7eb563d1-4f24-420e-a4d2-ecbb28e04b0f.jpg','pelunasan','TRX-20250926-3326-CUST','62877000001001','verified'),(19,590793.00,'2025-09-26 11:01:54','https://example.com/bukti/2831d2a9-ec2d-40ce-851d-1d764a818e97.jpg','pelunasan','TRX-20250926-9305-CUST','62877000001001','verified'),(20,603914.00,'2025-09-26 11:01:54','https://example.com/bukti/4719d9fd-b9d9-4f46-ad63-315d967214f2.jpg','pelunasan','TRX-20250926-2359-CUST','62877000001003','verified'),(21,1375122.00,'2025-09-26 11:01:54','https://example.com/bukti/5eed101f-5457-4b29-9574-a777f90589c7.jpg','pelunasan','TRX-20250926-1603-CUST','62877000001003','verified'),(22,293771.00,'2025-09-26 11:01:54','https://example.com/bukti/6628231f-8e2f-43c2-b639-b447a149f7a8.jpg','dp','TRX-20250926-1154-CUST','62877000001003','verified'),(23,251272.00,'2025-09-26 11:01:54','https://example.com/bukti/25a1a3f9-4f64-42bc-9372-d9bfa12f58f3.jpg','dp','TRX-20250926-5086-CUST','62877000001004','verified'),(24,290624.00,'2025-09-26 11:01:54','https://example.com/bukti/b9dc82b1-8a45-43c7-a017-7cd49a2e5964.jpg','pelunasan','TRX-20250926-1795-CUST','62877000001005','verified'),(25,340429.00,'2025-09-26 11:01:54','https://example.com/bukti/489adf14-a7ed-4cc9-9d8a-e585ce05bc8e.jpg','dp','TRX-20250926-6292-CUST','62877000001005','verified'),(26,609114.00,'2025-09-26 11:01:54','https://example.com/bukti/3f25d12a-295e-4578-9f51-cde03a4a2a8d.jpg','pelunasan','TRX-20250926-9842-CUST','62877000001005','verified'),(27,212737.00,'2025-09-26 11:01:54','https://example.com/bukti/b10e9c13-2d66-4f6c-a785-85745a416954.jpg','dp','TRX-20250926-3302-CUST','62877000001006','verified'),(28,358502.00,'2025-09-26 11:01:54','https://example.com/bukti/f7b71ba0-1941-4792-a86f-c9b06c33e6d7.jpg','dp','TRX-20250926-5776-CUST','62877000001006','verified'),(29,506916.00,'2025-09-26 11:01:54','https://example.com/bukti/e5afa0f5-3877-4bed-9494-fafc23e65a4d.jpg','pelunasan','TRX-20250926-4780-CUST','62877000001006','verified'),(30,635311.00,'2025-09-26 11:01:54','https://example.com/bukti/daaf4f88-481d-4c44-b560-6a0109e073d0.jpg','pelunasan','TRX-20250926-6050-CUST','62877000001007','verified'),(31,304970.00,'2025-09-26 11:01:55','https://example.com/bukti/88cac787-b2bf-4b5b-b0bf-f260248019f4.jpg','dp','TRX-20250926-4091-CUST','62877000001007','verified'),(32,841922.00,'2025-09-26 11:01:55','https://example.com/bukti/3d61aaf2-82af-4fee-8369-f7a57a4bb44c.jpg','pelunasan','TRX-20250926-4819-CUST','62877000001008','verified'),(33,200708.00,'2025-09-26 11:01:55','https://example.com/bukti/f2fcb129-497a-4f4d-8220-5f6832091dcd.jpg','dp','TRX-20250926-4881-CUST','62877000001008','verified'),(34,202775.00,'2025-09-26 11:01:55','https://example.com/bukti/04bafedf-f8c8-4d0b-b33a-831d1e8a4064.jpg','dp','TRX-20250926-7175-CUST','62877000001009','verified'),(35,1078158.00,'2025-09-26 11:01:55','https://example.com/bukti/532a0675-c9f9-42ee-b432-cba155d59cc2.jpg','pelunasan','TRX-20250926-8889-CUST','62877000001009','verified'),(36,1345093.00,'2025-09-26 11:01:55','https://example.com/bukti/3cb47418-fb61-450d-930e-2d0fc7e4ec56.jpg','pelunasan','TRX-20250926-4669-CUST','62877000001010','verified'),(37,1495245.00,'2025-09-26 11:02:20','https://example.com/bukti/e7892ec7-9e7e-4dd5-acf7-70b5df42e6fc.jpg','pelunasan','TRX-20250926-4664-CUST','62877000001002','verified'),(38,410205.00,'2025-09-26 11:02:20','https://example.com/bukti/ae876278-dad9-46fe-a837-70aa54e685a7.jpg','dp','TRX-20250926-9508-CUST','62877000001003','verified'),(39,102486.00,'2025-09-26 11:02:20','https://example.com/bukti/67276094-d864-48bc-8864-58fb7b8ca159.jpg','dp','TRX-20250926-9915-CUST','62877000001004','verified'),(40,632991.00,'2025-09-26 11:02:21','https://example.com/bukti/40a6d308-6de4-4b24-abb1-56c751dd5d2d.jpg','pelunasan','TRX-20250926-7283-CUST','62877000001004','verified'),(41,397320.00,'2025-09-26 11:02:21','https://example.com/bukti/c7d45d78-89b4-4c00-a4cf-662d11afcfc6.jpg','dp','TRX-20250926-8738-CUST','62877000001005','verified'),(42,996066.00,'2025-09-26 11:02:21','https://example.com/bukti/b850af4e-9a18-4bbb-a11d-8449fcc11d18.jpg','pelunasan','TRX-20250926-4027-CUST','62877000001005','verified'),(43,1388525.00,'2025-09-26 11:02:21','https://example.com/bukti/01a0c4e7-180e-4db9-bcb9-9970a36c7de7.jpg','pelunasan','TRX-20250926-3115-CUST','62877000001006','verified'),(44,119824.00,'2025-09-26 11:02:21','https://example.com/bukti/26938652-3cfa-4a40-8c66-bf69e87ed3f7.jpg','dp','TRX-20250926-5338-CUST','62877000001006','verified'),(45,198320.00,'2025-09-26 11:02:21','https://example.com/bukti/f6989d5b-ce39-4a15-9437-7faed6b5412c.jpg','dp','TRX-20250926-6822-CUST','62877000001008','verified'),(46,390204.00,'2025-09-26 11:02:21','https://example.com/bukti/65086e68-c30f-42af-b243-3fde3e84b4d2.jpg','dp','TRX-20250926-8454-CUST','62877000001008','verified'),(47,467658.00,'2025-09-26 11:02:21','https://example.com/bukti/df31e957-1191-492d-ab4c-6392489c3f7c.jpg','pelunasan','TRX-20250926-4232-CUST','62877000001009','verified'),(48,239084.00,'2025-09-26 11:02:22','https://example.com/bukti/98e1c4aa-d22c-46a4-9040-a95f1cc5b325.jpg','dp','TRX-20250926-7328-CUST','62877000001009','verified'),(49,1280200.00,'2025-09-26 11:02:22','https://example.com/bukti/32a70a83-4f08-47e8-bb4f-8671fbfc408b.jpg','pelunasan','TRX-20250926-5496-CUST','62877000001010','verified'),(50,314629.00,'2025-09-26 11:02:22','https://example.com/bukti/1aa56d4e-56ba-4d59-bb5d-4d136de9e4f6.jpg','dp','TRX-20250926-4594-CUST','62877000001010','verified'),(51,1203808.00,'2025-09-26 11:02:22','https://example.com/bukti/4ef4277b-932b-42d8-be3c-03dedd551fc2.jpg','pelunasan','TRX-20250926-9769-CUST','62877000001011','verified'),(52,713487.00,'2025-09-26 11:02:22','https://example.com/bukti/f1b8f8f8-7a4d-401c-9773-3c921cc2c691.jpg','pelunasan','TRX-20250926-3348-CUST','62877000001011','verified'),(53,284569.00,'2025-09-26 11:02:22','https://example.com/bukti/9648e2a7-905b-4745-8082-dc10fe9ecab1.jpg','pelunasan','TRX-20250926-4876-CUST','62877000001012','verified'),(54,391981.00,'2025-09-26 11:02:22','https://example.com/bukti/f7bd210e-5458-4c24-acd4-661f20925943.jpg','dp','TRX-20250926-8964-CUST','62877000001012','verified'),(55,1230524.00,'2025-09-26 11:02:22','https://example.com/bukti/e4c2a54f-0940-4c85-afaf-37441172a35b.jpg','pelunasan','TRX-20250926-4745-CUST','62877000001012','verified'),(56,351926.00,'2025-09-26 11:02:22','https://example.com/bukti/31fd65a4-fb5c-4beb-aeef-5cc94ef41cee.jpg','pelunasan','TRX-20250926-1852-CUST','62877000001014','verified'),(57,141390.00,'2025-09-26 11:02:22','https://example.com/bukti/16b4023a-ced0-4159-a880-7209f3705205.jpg','dp','TRX-20250926-6815-CUST','62877000001014','verified'),(58,467822.00,'2025-09-26 11:02:20','https://example.com/bukti/98e9f474-4b8d-4ff9-a1cd-aefdeb93ebac.jpg','pelunasan','TRX-20250926-1975-CUST','62877000001015','verified'),(59,632947.00,'2025-09-26 11:02:20','https://example.com/bukti/41dd5106-05c3-4f1a-8c93-d366a2b3db94.jpg','pelunasan','TRX-20250926-9432-CUST','62877000001015','verified'),(60,1065537.00,'2025-09-26 11:02:20','https://example.com/bukti/982fb4f0-498b-4e9b-81ba-dd6ef9871f5f.jpg','pelunasan','TRX-20250926-5371-CUST','62877000001015','verified'),(61,1266279.00,'2025-09-26 11:02:20','https://example.com/bukti/67f4fb5f-e677-4385-b7f3-cef5b366d05b.jpg','pelunasan','TRX-20250926-3181-CUST','62877000001016','verified'),(62,1204965.00,'2025-09-26 11:02:20','https://example.com/bukti/a7722ef9-d410-4600-b1ee-490acafdc827.jpg','pelunasan','TRX-20250926-9630-CUST','62877000001016','verified'),(63,136949.00,'2025-09-26 11:02:20','https://example.com/bukti/b5576559-2ad5-455e-b2af-39eeaddd19a2.jpg','dp','TRX-20250926-2834-CUST','62877000001016','verified'),(64,1197616.00,'2025-09-26 11:02:20','https://example.com/bukti/d10c46ba-5005-4da7-891c-4e20440506d6.jpg','pelunasan','TRX-20250926-2815-CUST','62877000001017','verified'),(65,176946.00,'2025-09-26 11:04:17','https://example.com/bukti/1d3e34a4-75d1-4946-a4a2-97553ccdba40.jpg','dp','TRX-20250926-3150-CUST','62877000001001','verified'),(66,300502.00,'2025-09-26 11:04:37','https://example.com/bukti/8908ada9-dc77-46b1-9bb2-fe9ba8f7ad09.jpg','dp','TRX-20250926-8817-CUST','62877000001001','verified'),(67,65629.00,'2025-09-26 11:04:37','https://example.com/bukti/93769a05-001b-4972-b04a-2a414795834c.jpg','dp','TRX-20250926-7861-CUST','62877000001001','verified'),(68,360045.00,'2025-09-26 11:04:37','https://example.com/bukti/8695da63-4367-44d8-be43-76a6c864f333.jpg','dp','TRX-20250926-6249-CUST','62877000001002','verified'),(69,1080436.00,'2025-09-26 11:04:37','https://example.com/bukti/70488a85-4ade-4876-946f-e4302a5ef4a5.jpg','pelunasan','TRX-20250926-4281-CUST','62877000001002','verified'),(70,444454.00,'2025-09-26 11:04:37','https://example.com/bukti/094fb31c-a4b5-4e29-9857-a56118fc6201.jpg','dp','TRX-20250926-9025-CUST','62877000001002','verified'),(71,181865.00,'2025-09-26 11:04:37','https://example.com/bukti/f41dcd0e-1f3c-471f-8a0c-a1b71793a8cc.jpg','dp','TRX-20250926-4951-CUST','62877000001003','verified'),(72,823290.00,'2025-09-26 11:04:37','https://example.com/bukti/ea7cfc2a-3aab-4c50-9709-b916f47c047a.jpg','pelunasan','TRX-20250926-3473-CUST','62877000001003','verified'),(73,317435.00,'2025-09-26 11:04:38','https://example.com/bukti/938c5cee-ec60-4ed9-81a4-3da44a40b6c6.jpg','dp','TRX-20250926-9652-CUST','62877000001004','verified'),(74,115038.00,'2025-09-26 11:04:38','https://example.com/bukti/2d2c8f77-bbaf-45ed-98dc-8d599cb6135c.jpg','dp','TRX-20250926-1368-CUST','62877000001005','verified'),(75,309683.00,'2025-09-26 11:04:38','https://example.com/bukti/4a827204-34fe-466b-996d-d3884ee40c66.jpg','dp','TRX-20250926-3848-CUST','62877000001005','verified'),(76,284612.00,'2025-09-26 11:04:38','https://example.com/bukti/ebc6697a-56c5-4b24-9edc-d171c862cc31.jpg','pelunasan','TRX-20250926-5341-CUST','62877000001006','verified'),(77,214365.00,'2025-09-26 11:04:38','https://example.com/bukti/90cd6cab-b407-44e5-9b51-3f7922686900.jpg','dp','TRX-20250926-1711-CUST','62877000001007','verified'),(78,402290.00,'2025-09-26 11:04:38','https://example.com/bukti/5881a833-ca8c-479f-8fbd-a2003d14c62e.jpg','dp','TRX-20250926-8284-CUST','62877000001007','verified'),(79,1228946.00,'2025-09-26 11:04:38','https://example.com/bukti/9f18a43c-c8a7-4989-9d22-d41968eb3bf6.jpg','pelunasan','TRX-20250926-7511-CUST','62877000001007','verified'),(80,1397038.00,'2025-09-26 11:04:38','https://example.com/bukti/b162f03d-bae9-4489-8e64-3f2f100bd536.jpg','pelunasan','TRX-20250926-7853-CUST','62877000001008','verified'),(81,1377145.00,'2025-09-26 11:04:38','https://example.com/bukti/1952b662-629e-4d86-80eb-3536f29b4f8f.jpg','pelunasan','TRX-20250926-1312-CUST','62877000001008','verified'),(82,350114.00,'2025-09-26 11:04:38','https://example.com/bukti/dce59f62-863c-46c3-8cd8-dd1799398c6c.jpg','dp','TRX-20250926-8546-CUST','62877000001009','verified'),(83,199917.00,'2025-09-26 11:04:39','https://example.com/bukti/7b07fc05-7669-4495-b6ac-a7966f62e5d1.jpg','dp','TRX-20250926-3159-CUST','62877000001009','verified'),(84,262968.00,'2025-09-26 11:04:39','https://example.com/bukti/8fd3287e-6998-4265-90f4-59a84d15b1b3.jpg','dp','TRX-20250926-2206-CUST','62877000001011','verified'),(85,167808.00,'2025-09-26 11:04:39','https://example.com/bukti/9ce4aeba-b207-4fc2-a699-697a55dea9d6.jpg','dp','TRX-20250926-2386-CUST','62877000001012','verified'),(86,1001017.00,'2025-09-26 11:04:39','https://example.com/bukti/dd268cfa-1665-4da0-adc8-195fb4976c67.jpg','pelunasan','TRX-20250926-1629-CUST','62877000001013','verified'),(87,399768.00,'2025-09-26 11:04:39','https://example.com/bukti/0a2d88d8-536d-4181-a741-860e824a0d3a.jpg','dp','TRX-20250926-3785-CUST','62877000001013','verified'),(88,1489777.00,'2025-09-26 11:04:39','https://example.com/bukti/a5e9bf10-4aed-4104-89e3-e7ba5d6e7b5c.jpg','pelunasan','TRX-20250926-4087-CUST','62877000001013','verified'),(89,363359.00,'2025-09-26 11:04:39','https://example.com/bukti/1783005f-19f6-46be-abad-c915cd10cec1.jpg','dp','TRX-20250926-1788-CUST','62877000001014','verified'),(90,770124.00,'2025-09-26 11:04:39','https://example.com/bukti/f379b155-698f-4b1f-a550-568028687bf0.jpg','pelunasan','TRX-20250926-1011-CUST','62877000001016','verified'),(91,874309.00,'2025-09-26 11:05:15','https://example.com/bukti/0677fb5a-2abe-486b-aad8-fd3c77979670.jpg','pelunasan','TRX-20250926-1758884715918-49912-CUST','62877000001001','verified'),(92,169866.00,'2025-09-26 11:05:15','https://example.com/bukti/c74794e4-488e-41c9-bc9f-83ff01d153f0.jpg','dp','TRX-20250926-1758884715955-13303-CUST','62877000001001','verified'),(93,1279593.00,'2025-09-26 11:05:16','https://example.com/bukti/bcec5182-d5c8-4184-a34f-bbcc573f77a9.jpg','pelunasan','TRX-20250926-1758884716010-34035-CUST','62877000001002','verified'),(94,300085.00,'2025-09-26 11:05:16','https://example.com/bukti/8aa7aacd-2820-4e1c-9ada-408dcd47c82d.jpg','dp','TRX-20250926-1758884716048-29154-CUST','62877000001002','verified'),(95,394224.00,'2025-09-26 11:05:16','https://example.com/bukti/bf897a39-41b8-460e-b55a-116dde4822aa.jpg','pelunasan','TRX-20250926-1758884716204-5341-CUST','62877000001003','verified'),(96,1337705.00,'2025-09-26 11:05:16','https://example.com/bukti/2eae3367-1532-42f4-b161-e7f45a41a590.jpg','pelunasan','TRX-20250926-1758884716242-65613-CUST','62877000001003','verified'),(97,145579.00,'2025-09-26 11:05:16','https://example.com/bukti/f13374ec-57a7-4b9f-9d5d-fedd30f6ac99.jpg','dp','TRX-20250926-1758884716277-46042-CUST','62877000001004','verified'),(98,149439.00,'2025-09-26 11:05:16','https://example.com/bukti/86703b20-63ca-4e39-b5e5-fa83d62f3cd0.jpg','dp','TRX-20250926-1758884716391-61977-CUST','62877000001005','verified'),(99,679371.00,'2025-09-26 11:05:16','https://example.com/bukti/2087c644-9b70-43d1-a602-d1ff823c4934.jpg','pelunasan','TRX-20250926-1758884716648-67046-CUST','62877000001006','verified'),(100,1462974.00,'2025-09-26 11:05:16','https://example.com/bukti/2a32ff2a-dcb1-4ddc-98ac-016ec5e49d26.jpg','pelunasan','TRX-20250926-1758884716699-31920-CUST','62877000001006','verified'),(101,330408.00,'2025-09-26 11:05:16','https://example.com/bukti/255dcbc9-96af-4c9c-a584-634a30da3157.jpg','pelunasan','TRX-20250926-1758884716733-26849-CUST','62877000001006','verified'),(102,208198.00,'2025-09-26 11:05:16','https://example.com/bukti/e54215a2-85b8-4048-928c-6d91d1e48ec7.jpg','dp','TRX-20250926-1758884716772-49985-CUST','62877000001007','verified'),(103,230386.00,'2025-09-26 11:05:16','https://example.com/bukti/8341ecdf-049e-4aa1-8db5-ae292e13a98b.jpg','dp','TRX-20250926-1758884716816-42469-CUST','62877000001007','verified'),(104,232010.00,'2025-09-26 11:05:16','https://example.com/bukti/eeb0f71c-f91d-49e5-b642-1e100da8f880.jpg','dp','TRX-20250926-1758884716867-57206-CUST','62877000001007','verified'),(105,1118876.00,'2025-09-26 11:05:16','https://example.com/bukti/1b999d61-d144-4267-9b37-f8e7c6854624.jpg','pelunasan','TRX-20250926-1758884716919-6489-CUST','62877000001008','verified'),(106,409870.00,'2025-09-26 11:05:16','https://example.com/bukti/4be7ab1c-3402-4224-83d2-4ae947ab00f0.jpg','pelunasan','TRX-20250926-1758884716954-29278-CUST','62877000001008','verified'),(107,340623.00,'2025-09-26 11:05:17','https://example.com/bukti/746293f7-c8d0-4e1d-9f0e-31a14522a1d9.jpg','dp','TRX-20250926-1758884717004-64341-CUST','62877000001009','verified'),(108,1243013.00,'2025-09-26 11:05:17','https://example.com/bukti/2d1e3fa2-d499-4765-87df-5331401e0cfe.jpg','pelunasan','TRX-20250926-1758884717178-78580-CUST','62877000001010','verified'),(109,217656.00,'2025-09-26 11:05:17','https://example.com/bukti/1bb170a9-08db-4072-9128-0cba16afea5d.jpg','dp','TRX-20250926-1758884717237-44243-CUST','62877000001011','verified'),(110,793706.00,'2025-09-26 11:05:17','https://example.com/bukti/ebda3b8f-ff07-40b5-b2cf-d9c30ed66461.jpg','pelunasan','TRX-20250926-1758884717432-42482-CUST','62877000001012','verified'),(111,170207.00,'2025-09-26 11:05:17','https://example.com/bukti/2564d192-48f3-4073-8b32-cbd1082b9a6b.jpg','dp','TRX-20250926-1758884717472-79107-CUST','62877000001012','verified'),(112,1105012.00,'2025-09-26 11:05:17','https://example.com/bukti/518056c6-d591-4c9f-b2d8-fcaf46ca1378.jpg','pelunasan','TRX-20250926-1758884717529-43282-CUST','62877000001013','verified'),(113,1205192.00,'2025-09-26 11:05:17','https://example.com/bukti/b623a10c-efca-4ca9-91f5-3ae49feb558e.jpg','pelunasan','TRX-20250926-1758884717604-84826-CUST','62877000001014','verified'),(114,525984.00,'2025-09-26 11:05:17','https://example.com/bukti/52026ba4-c5f8-4196-85a3-63e8b1b8aec2.jpg','pelunasan','TRX-20250926-1758884717640-4545-CUST','62877000001014','verified'),(115,666479.00,'2025-09-26 11:05:17','https://example.com/bukti/8f269ebc-9a04-416b-86ce-9fd49fa24099.jpg','pelunasan','TRX-20250926-1758884717903-29112-CUST','62877000001016','verified'),(116,221446.00,'2025-09-26 11:05:18','https://example.com/bukti/c085a4d7-0a91-4097-8a18-524bf96abb0b.jpg','pelunasan','TRX-20250926-1758884717972-41864-CUST','62877000001017','verified'),(117,360531.00,'2025-09-26 11:05:18','https://example.com/bukti/0aa766bb-e180-4f1d-96c1-a7c754621d14.jpg','dp','TRX-20250926-1758884718010-84601-CUST','62877000001017','verified'),(118,1055671.00,'2025-09-26 11:05:18','https://example.com/bukti/c1ba91da-466e-4fd9-9c12-6d246dfa496e.jpg','pelunasan','TRX-20250926-1758884718058-59647-CUST','62877000001017','verified'),(119,539522.00,'2025-09-26 11:05:18','https://example.com/bukti/0c02ceb8-a6e4-4cfd-beee-dd6d04f29a15.jpg','pelunasan','TRX-20250926-1758884718116-70122-CUST','62877000001018','verified'),(120,333431.00,'2025-09-26 11:05:18','https://example.com/bukti/598adaa8-11e4-4cd8-a642-6b51a85ba676.jpg','pelunasan','TRX-20250926-1758884718153-45563-CUST','62877000001018','verified'),(121,1040238.00,'2025-09-26 11:05:18','https://example.com/bukti/575f8168-44da-43bc-82d2-060325db8811.jpg','pelunasan','TRX-20250926-1758884718238-76529-CUST','62877000001019','verified'),(122,242346.00,'2025-09-26 11:05:18','https://example.com/bukti/5977efa4-29f8-4807-9838-2308362d52ff.jpg','dp','TRX-20250926-1758884718312-64816-CUST','62877000001019','verified'),(123,206314.00,'2025-09-26 11:05:18','https://example.com/bukti/ff64a221-8d3f-4e3d-966f-acd089443ae2.jpg','dp','TRX-20250926-1758884718365-3914-CUST','62877000001020','verified'),(124,1222549.00,'2025-09-26 11:05:18','https://example.com/bukti/416401df-6456-488d-b4b2-bd7ac9db35a0.jpg','pelunasan','TRX-20250926-1758884718409-33280-CUST','62877000001020','verified'),(125,1021862.00,'2025-09-26 11:05:18','https://example.com/bukti/f2895e24-3bbe-416b-87e1-e75b124bd814.jpg','pelunasan','TRX-20250926-1758884718442-23629-CUST','62877000001020','verified'),(126,0.00,'2025-09-27 04:13:21','https://media.karousell.com/media/photos/products/2019/02/03/bukti_transfer_dari_customer_1549170174_29ee2dd4_progressive.jpg','dp','TRX-27092025-8923-TESTNOTIFTIGA','623333333333','menunggu_verifikasi'),(127,300000.00,'2025-09-27 06:21:33','https://drive.google.com/file/d/1D7FjNKyFg5le39YCGQLtXG-btVGzvTOR/view?usp=drivesdk','dp','TRX-20250926-9314-CICI','6288806301215','verified');
/*!40000 ALTER TABLE `payments` ENABLE KEYS */;
UNLOCK TABLES;

--
-- Table structure for table `piutang`
--

DROP TABLE IF EXISTS `piutang`;
/*!40101 SET @saved_cs_client     = @@character_set_client */;
/*!50503 SET character_set_client = utf8mb4 */;
CREATE TABLE `piutang` (
  `id_piutang` int NOT NULL AUTO_INCREMENT,
  `id_customer` int DEFAULT NULL,
  `jumlah_piutang` decimal(10,2) NOT NULL,
  `tanggal_piutang` datetime NOT NULL,
  `status` enum('belum_lunas','lunas','terlambat') DEFAULT 'belum_lunas',
  `keterangan` text,
  `created_at` datetime NOT NULL,
  `updated_at` datetime NOT NULL,
  `paid` decimal(15,2) NOT NULL DEFAULT '0.00',
  `id_order` int DEFAULT NULL,
  PRIMARY KEY (`id_piutang`),
  KEY `id_customer` (`id_customer`),
  KEY `id_order` (`id_order`),
  CONSTRAINT `piutang_ibfk_475` FOREIGN KEY (`id_customer`) REFERENCES `customers` (`id_customer`) ON DELETE SET NULL ON UPDATE CASCADE,
  CONSTRAINT `piutang_ibfk_476` FOREIGN KEY (`id_order`) REFERENCES `orders` (`id_order`) ON DELETE SET NULL ON UPDATE CASCADE
) ENGINE=InnoDB AUTO_INCREMENT=117 DEFAULT CHARSET=utf8mb4 COLLATE=utf8mb4_0900_ai_ci;
/*!40101 SET character_set_client = @saved_cs_client */;

--
-- Dumping data for table `piutang`
--

LOCK TABLES `piutang` WRITE;
/*!40000 ALTER TABLE `piutang` DISABLE KEYS */;
INSERT INTO `piutang` VALUES (1,1,350000.00,'2025-09-26 10:20:42','lunas',NULL,'2025-09-26 10:20:42','2025-09-26 10:23:57',350000.00,NULL),(2,1,350000.00,'2025-09-26 10:52:58','lunas','Piutang for TRX-20250926-2089-CICI','2025-09-26 10:52:58','2025-09-27 06:21:33',350000.00,3),(3,55,500000.00,'2025-09-26 10:52:59','belum_lunas','Piutang for TRX-20250926-3216-AYU','2025-09-26 10:52:59','2025-09-26 10:52:59',0.00,5),(4,56,425251.00,'2025-09-26 11:01:40','belum_lunas','Piutang for TRX-20250926-7559-CUST','2025-09-26 11:01:40','2025-09-26 11:01:40',0.00,6),(5,56,687970.00,'2025-09-26 11:01:40','belum_lunas','Piutang for TRX-20250926-8902-CUST','2025-09-26 11:01:40','2025-09-26 11:01:40',0.00,7),(6,57,425333.00,'2025-09-26 11:01:40','belum_lunas','Piutang for TRX-20250926-7652-CUST','2025-09-26 11:01:40','2025-09-26 11:01:40',0.00,8),(7,57,924888.00,'2025-09-26 11:01:40','belum_lunas','Piutang for TRX-20250926-4537-CUST','2025-09-26 11:01:40','2025-09-26 11:01:40',0.00,9),(8,58,1026126.00,'2025-09-26 11:01:40','belum_lunas','Piutang for TRX-20250926-2597-CUST','2025-09-26 11:01:40','2025-09-26 11:01:40',0.00,12),(9,59,353781.00,'2025-09-26 11:01:40','belum_lunas','Piutang for TRX-20250926-2840-CUST','2025-09-26 11:01:40','2025-09-26 11:01:40',0.00,13),(10,59,654858.00,'2025-09-26 11:01:40','belum_lunas','Piutang for TRX-20250926-2659-CUST','2025-09-26 11:01:40','2025-09-26 11:01:40',0.00,14),(11,61,466781.00,'2025-09-26 11:01:40','belum_lunas','Piutang for TRX-20250926-9259-CUST','2025-09-26 11:01:40','2025-09-26 11:01:40',0.00,18),(12,61,596028.00,'2025-09-26 11:01:40','belum_lunas','Piutang for TRX-20250926-9696-CUST','2025-09-26 11:01:40','2025-09-26 11:01:40',0.00,19),(13,62,757671.00,'2025-09-26 11:01:40','belum_lunas','Piutang for TRX-20250926-9418-CUST','2025-09-26 11:01:40','2025-09-26 11:01:40',0.00,20),(14,62,1348886.00,'2025-09-26 11:01:40','belum_lunas','Piutang for TRX-20250926-3135-CUST','2025-09-26 11:01:40','2025-09-26 11:01:40',0.00,21),(15,62,330274.00,'2025-09-26 11:01:40','belum_lunas','Piutang for TRX-20250926-5704-CUST','2025-09-26 11:01:40','2025-09-26 11:01:40',0.00,22),(16,56,483577.00,'2025-09-26 11:01:54','belum_lunas','Piutang for TRX-20250926-8319-CUST','2025-09-26 11:01:54','2025-09-26 11:01:54',0.00,26),(17,57,1471545.00,'2025-09-26 11:01:54','belum_lunas','Piutang for TRX-20250926-7677-CUST','2025-09-26 11:01:54','2025-09-26 11:01:54',0.00,27),(18,57,1415145.00,'2025-09-26 11:01:54','belum_lunas','Piutang for TRX-20250926-9393-CUST','2025-09-26 11:01:54','2025-09-26 11:01:54',0.00,28),(19,58,685467.00,'2025-09-26 11:01:54','belum_lunas','Piutang for TRX-20250926-1154-CUST','2025-09-26 11:01:54','2025-09-26 11:01:54',0.00,31),(20,59,586303.00,'2025-09-26 11:01:54','belum_lunas','Piutang for TRX-20250926-5086-CUST','2025-09-26 11:01:54','2025-09-26 11:01:54',0.00,32),(21,59,287648.00,'2025-09-26 11:01:54','belum_lunas','Piutang for TRX-20250926-8069-CUST','2025-09-26 11:01:54','2025-09-26 11:01:54',0.00,33),(22,60,794336.00,'2025-09-26 11:01:54','belum_lunas','Piutang for TRX-20250926-6292-CUST','2025-09-26 11:01:54','2025-09-26 11:01:54',0.00,35),(23,61,496388.00,'2025-09-26 11:01:54','belum_lunas','Piutang for TRX-20250926-3302-CUST','2025-09-26 11:01:54','2025-09-26 11:01:54',0.00,37),(24,61,836507.00,'2025-09-26 11:01:54','belum_lunas','Piutang for TRX-20250926-5776-CUST','2025-09-26 11:01:54','2025-09-26 11:01:54',0.00,38),(25,62,711599.00,'2025-09-26 11:01:55','belum_lunas','Piutang for TRX-20250926-4091-CUST','2025-09-26 11:01:55','2025-09-26 11:01:55',0.00,41),(26,63,468321.00,'2025-09-26 11:01:55','belum_lunas','Piutang for TRX-20250926-4881-CUST','2025-09-26 11:01:55','2025-09-26 11:01:55',0.00,43),(27,63,536533.00,'2025-09-26 11:01:55','belum_lunas','Piutang for TRX-20250926-9208-CUST','2025-09-26 11:01:55','2025-09-26 11:01:55',0.00,44),(28,64,473144.00,'2025-09-26 11:01:55','belum_lunas','Piutang for TRX-20250926-7175-CUST','2025-09-26 11:01:55','2025-09-26 11:01:55',0.00,45),(29,64,495686.00,'2025-09-26 11:01:55','belum_lunas','Piutang for TRX-20250926-8246-CUST','2025-09-26 11:01:55','2025-09-26 11:01:55',0.00,46),(30,56,909698.00,'2025-09-26 11:02:19','belum_lunas','Piutang for TRX-20250926-5482-CUST','2025-09-26 11:02:19','2025-09-26 11:02:19',0.00,50),(31,56,1181723.00,'2025-09-26 11:02:19','belum_lunas','Piutang for TRX-20250926-7138-CUST','2025-09-26 11:02:19','2025-09-26 11:02:19',0.00,51),(32,57,1294820.00,'2025-09-26 11:02:19','belum_lunas','Piutang for TRX-20250926-6028-CUST','2025-09-26 11:02:19','2025-09-26 11:02:19',0.00,52),(33,58,605516.00,'2025-09-26 11:02:20','belum_lunas','Piutang for TRX-20250926-6390-CUST','2025-09-26 11:02:20','2025-09-26 11:02:20',0.00,54),(34,58,957147.00,'2025-09-26 11:02:20','belum_lunas','Piutang for TRX-20250926-9508-CUST','2025-09-26 11:02:20','2025-09-26 11:02:20',0.00,55),(35,58,1345143.00,'2025-09-26 11:02:20','belum_lunas','Piutang for TRX-20250926-9309-CUST','2025-09-26 11:02:20','2025-09-26 11:02:20',0.00,56),(36,59,239136.00,'2025-09-26 11:02:21','belum_lunas','Piutang for TRX-20250926-9915-CUST','2025-09-26 11:02:21','2025-09-26 11:02:21',0.00,57),(37,60,927082.00,'2025-09-26 11:02:21','belum_lunas','Piutang for TRX-20250926-8738-CUST','2025-09-26 11:02:21','2025-09-26 11:02:21',0.00,59),(38,60,636391.00,'2025-09-26 11:02:21','belum_lunas','Piutang for TRX-20250926-8134-CUST','2025-09-26 11:02:21','2025-09-26 11:02:21',0.00,61),(39,61,283069.00,'2025-09-26 11:02:21','belum_lunas','Piutang for TRX-20250926-4884-CUST','2025-09-26 11:02:21','2025-09-26 11:02:21',0.00,62),(40,61,279590.00,'2025-09-26 11:02:21','belum_lunas','Piutang for TRX-20250926-5338-CUST','2025-09-26 11:02:21','2025-09-26 11:02:21',0.00,64),(41,62,943160.00,'2025-09-26 11:02:21','belum_lunas','Piutang for TRX-20250926-1613-CUST','2025-09-26 11:02:21','2025-09-26 11:02:21',0.00,65),(42,62,320767.00,'2025-09-26 11:02:21','belum_lunas','Piutang for TRX-20250926-9976-CUST','2025-09-26 11:02:21','2025-09-26 11:02:21',0.00,66),(43,63,462748.00,'2025-09-26 11:02:21','belum_lunas','Piutang for TRX-20250926-6822-CUST','2025-09-26 11:02:21','2025-09-26 11:02:21',0.00,67),(44,63,910477.00,'2025-09-26 11:02:21','belum_lunas','Piutang for TRX-20250926-8454-CUST','2025-09-26 11:02:21','2025-09-26 11:02:21',0.00,68),(45,63,1386846.00,'2025-09-26 11:02:21','belum_lunas','Piutang for TRX-20250926-7185-CUST','2025-09-26 11:02:21','2025-09-26 11:02:21',0.00,69),(46,64,1228973.00,'2025-09-26 11:02:21','belum_lunas','Piutang for TRX-20250926-6570-CUST','2025-09-26 11:02:21','2025-09-26 11:02:21',0.00,70),(47,64,557865.00,'2025-09-26 11:02:22','belum_lunas','Piutang for TRX-20250926-7328-CUST','2025-09-26 11:02:22','2025-09-26 11:02:22',0.00,72),(48,65,734135.00,'2025-09-26 11:02:22','belum_lunas','Piutang for TRX-20250926-4594-CUST','2025-09-26 11:02:22','2025-09-26 11:02:22',0.00,74),(49,65,1084214.00,'2025-09-26 11:02:22','belum_lunas','Piutang for TRX-20250926-5835-CUST','2025-09-26 11:02:22','2025-09-26 11:02:22',0.00,75),(50,67,914624.00,'2025-09-26 11:02:22','belum_lunas','Piutang for TRX-20250926-8964-CUST','2025-09-26 11:02:22','2025-09-26 11:02:22',0.00,79),(51,68,1426821.00,'2025-09-26 11:02:22','belum_lunas','Piutang for TRX-20250926-9496-CUST','2025-09-26 11:02:22','2025-09-26 11:02:22',0.00,81),(52,68,317305.00,'2025-09-26 11:02:22','belum_lunas','Piutang for TRX-20250926-1201-CUST','2025-09-26 11:02:22','2025-09-26 11:02:22',0.00,82),(53,69,1380620.00,'2025-09-26 11:02:22','belum_lunas','Piutang for TRX-20250926-8220-CUST','2025-09-26 11:02:22','2025-09-26 11:02:22',0.00,84),(54,69,329912.00,'2025-09-26 11:02:22','belum_lunas','Piutang for TRX-20250926-6815-CUST','2025-09-26 11:02:22','2025-09-26 11:02:22',0.00,85),(55,71,319549.00,'2025-09-26 11:02:20','belum_lunas','Piutang for TRX-20250926-2834-CUST','2025-09-26 11:02:20','2025-09-26 11:02:20',0.00,91),(56,72,1048645.00,'2025-09-26 11:02:20','belum_lunas','Piutang for TRX-20250926-9967-CUST','2025-09-26 11:02:20','2025-09-26 11:02:20',0.00,93),(57,56,412877.00,'2025-09-26 11:04:17','belum_lunas','Piutang for TRX-20250926-3150-CUST','2025-09-26 11:04:17','2025-09-26 11:04:17',0.00,96),(58,56,320001.00,'2025-09-26 11:04:37','belum_lunas','Piutang for TRX-20250926-3492-CUST','2025-09-26 11:04:37','2025-09-26 11:04:37',0.00,98),(59,56,701172.00,'2025-09-26 11:04:37','belum_lunas','Piutang for TRX-20250926-8817-CUST','2025-09-26 11:04:37','2025-09-26 11:04:37',0.00,99),(60,56,153137.00,'2025-09-26 11:04:37','belum_lunas','Piutang for TRX-20250926-7861-CUST','2025-09-26 11:04:37','2025-09-26 11:04:37',0.00,100),(61,57,840107.00,'2025-09-26 11:04:37','belum_lunas','Piutang for TRX-20250926-6249-CUST','2025-09-26 11:04:37','2025-09-26 11:04:37',0.00,101),(62,57,1037061.00,'2025-09-26 11:04:37','belum_lunas','Piutang for TRX-20250926-9025-CUST','2025-09-26 11:04:37','2025-09-26 11:04:37',0.00,103),(63,58,424354.00,'2025-09-26 11:04:37','belum_lunas','Piutang for TRX-20250926-4951-CUST','2025-09-26 11:04:37','2025-09-26 11:04:37',0.00,104),(64,58,442388.00,'2025-09-26 11:04:37','belum_lunas','Piutang for TRX-20250926-6188-CUST','2025-09-26 11:04:37','2025-09-26 11:04:37',0.00,105),(65,59,740684.00,'2025-09-26 11:04:38','belum_lunas','Piutang for TRX-20250926-9652-CUST','2025-09-26 11:04:38','2025-09-26 11:04:38',0.00,107),(66,59,1023523.00,'2025-09-26 11:04:38','belum_lunas','Piutang for TRX-20250926-1892-CUST','2025-09-26 11:04:38','2025-09-26 11:04:38',0.00,108),(67,59,575474.00,'2025-09-26 11:04:38','belum_lunas','Piutang for TRX-20250926-7796-CUST','2025-09-26 11:04:38','2025-09-26 11:04:38',0.00,109),(68,60,268425.00,'2025-09-26 11:04:38','belum_lunas','Piutang for TRX-20250926-1368-CUST','2025-09-26 11:04:38','2025-09-26 11:04:38',0.00,110),(69,60,722596.00,'2025-09-26 11:04:38','belum_lunas','Piutang for TRX-20250926-3848-CUST','2025-09-26 11:04:38','2025-09-26 11:04:38',0.00,111),(70,61,418304.00,'2025-09-26 11:04:38','belum_lunas','Piutang for TRX-20250926-3764-CUST','2025-09-26 11:04:38','2025-09-26 11:04:38',0.00,112),(71,62,500186.00,'2025-09-26 11:04:38','belum_lunas','Piutang for TRX-20250926-1711-CUST','2025-09-26 11:04:38','2025-09-26 11:04:38',0.00,114),(72,62,938677.00,'2025-09-26 11:04:38','belum_lunas','Piutang for TRX-20250926-8284-CUST','2025-09-26 11:04:38','2025-09-26 11:04:38',0.00,115),(73,64,903383.00,'2025-09-26 11:04:38','belum_lunas','Piutang for TRX-20250926-1046-CUST','2025-09-26 11:04:38','2025-09-26 11:04:38',0.00,119),(74,64,816934.00,'2025-09-26 11:04:38','belum_lunas','Piutang for TRX-20250926-8546-CUST','2025-09-26 11:04:38','2025-09-26 11:04:38',0.00,120),(75,64,466475.00,'2025-09-26 11:04:39','belum_lunas','Piutang for TRX-20250926-3159-CUST','2025-09-26 11:04:39','2025-09-26 11:04:39',0.00,121),(76,65,689414.00,'2025-09-26 11:04:39','belum_lunas','Piutang for TRX-20250926-3891-CUST','2025-09-26 11:04:39','2025-09-26 11:04:39',0.00,122),(77,65,688360.00,'2025-09-26 11:04:39','belum_lunas','Piutang for TRX-20250926-1677-CUST','2025-09-26 11:04:39','2025-09-26 11:04:39',0.00,123),(78,66,613595.00,'2025-09-26 11:04:39','belum_lunas','Piutang for TRX-20250926-2206-CUST','2025-09-26 11:04:39','2025-09-26 11:04:39',0.00,124),(79,66,1476937.00,'2025-09-26 11:04:39','belum_lunas','Piutang for TRX-20250926-7919-CUST','2025-09-26 11:04:39','2025-09-26 11:04:39',0.00,125),(80,66,1222858.00,'2025-09-26 11:04:39','belum_lunas','Piutang for TRX-20250926-6012-CUST','2025-09-26 11:04:39','2025-09-26 11:04:39',0.00,126),(81,67,486434.00,'2025-09-26 11:04:39','belum_lunas','Piutang for TRX-20250926-7040-CUST','2025-09-26 11:04:39','2025-09-26 11:04:39',0.00,127),(82,67,391553.00,'2025-09-26 11:04:39','belum_lunas','Piutang for TRX-20250926-2386-CUST','2025-09-26 11:04:39','2025-09-26 11:04:39',0.00,128),(83,68,932792.00,'2025-09-26 11:04:39','belum_lunas','Piutang for TRX-20250926-3785-CUST','2025-09-26 11:04:39','2025-09-26 11:04:39',0.00,130),(84,69,847840.00,'2025-09-26 11:04:39','belum_lunas','Piutang for TRX-20250926-1788-CUST','2025-09-26 11:04:39','2025-09-26 11:04:39',0.00,132),(85,69,700522.00,'2025-09-26 11:04:39','belum_lunas','Piutang for TRX-20250926-7069-CUST','2025-09-26 11:04:39','2025-09-26 11:04:39',0.00,133),(86,70,553442.00,'2025-09-26 11:04:39','belum_lunas','Piutang for TRX-20250926-1357-CUST','2025-09-26 11:04:39','2025-09-26 11:04:39',0.00,134),(87,70,534143.00,'2025-09-26 11:04:39','belum_lunas','Piutang for TRX-20250926-4250-CUST','2025-09-26 11:04:39','2025-09-26 11:04:39',0.00,135),(88,71,1249598.00,'2025-09-26 11:04:39','belum_lunas','Piutang for TRX-20250926-7158-CUST','2025-09-26 11:04:39','2025-09-26 11:04:39',0.00,136),(89,56,211066.00,'2025-09-26 11:05:15','belum_lunas','Piutang for TRX-20250926-1758884715860-9652-CUST','2025-09-26 11:05:15','2025-09-26 11:05:15',0.00,139),(90,56,396357.00,'2025-09-26 11:05:15','belum_lunas','Piutang for TRX-20250926-1758884715955-13303-CUST','2025-09-26 11:05:15','2025-09-26 11:05:15',0.00,141),(91,57,700201.00,'2025-09-26 11:05:16','belum_lunas','Piutang for TRX-20250926-1758884716048-29154-CUST','2025-09-26 11:05:16','2025-09-26 11:05:16',0.00,143),(92,57,847172.00,'2025-09-26 11:05:16','belum_lunas','Piutang for TRX-20250926-1758884716106-6772-CUST','2025-09-26 11:05:16','2025-09-26 11:05:16',0.00,144),(93,59,339687.00,'2025-09-26 11:05:16','belum_lunas','Piutang for TRX-20250926-1758884716277-46042-CUST','2025-09-26 11:05:16','2025-09-26 11:05:16',0.00,147),(94,59,554100.00,'2025-09-26 11:05:16','belum_lunas','Piutang for TRX-20250926-1758884716337-36573-CUST','2025-09-26 11:05:16','2025-09-26 11:05:16',0.00,148),(95,60,348693.00,'2025-09-26 11:05:16','belum_lunas','Piutang for TRX-20250926-1758884716391-61977-CUST','2025-09-26 11:05:16','2025-09-26 11:05:16',0.00,149),(96,60,422569.00,'2025-09-26 11:05:16','belum_lunas','Piutang for TRX-20250926-1758884716451-87430-CUST','2025-09-26 11:05:16','2025-09-26 11:05:16',0.00,150),(97,62,485797.00,'2025-09-26 11:05:16','belum_lunas','Piutang for TRX-20250926-1758884716772-49985-CUST','2025-09-26 11:05:16','2025-09-26 11:05:16',0.00,154),(98,62,537568.00,'2025-09-26 11:05:16','belum_lunas','Piutang for TRX-20250926-1758884716816-42469-CUST','2025-09-26 11:05:16','2025-09-26 11:05:16',0.00,155),(99,62,541357.00,'2025-09-26 11:05:16','belum_lunas','Piutang for TRX-20250926-1758884716867-57206-CUST','2025-09-26 11:05:16','2025-09-26 11:05:16',0.00,156),(100,64,794789.00,'2025-09-26 11:05:17','belum_lunas','Piutang for TRX-20250926-1758884717004-64341-CUST','2025-09-26 11:05:17','2025-09-26 11:05:17',0.00,159),(101,64,1043503.00,'2025-09-26 11:05:17','belum_lunas','Piutang for TRX-20250926-1758884717053-30977-CUST','2025-09-26 11:05:17','2025-09-26 11:05:17',0.00,160),(102,64,1099110.00,'2025-09-26 11:05:17','belum_lunas','Piutang for TRX-20250926-1758884717104-86733-CUST','2025-09-26 11:05:17','2025-09-26 11:05:17',0.00,161),(103,65,1250277.00,'2025-09-26 11:05:17','belum_lunas','Piutang for TRX-20250926-1758884717141-62288-CUST','2025-09-26 11:05:17','2025-09-26 11:05:17',0.00,162),(104,66,507867.00,'2025-09-26 11:05:17','belum_lunas','Piutang for TRX-20250926-1758884717237-44243-CUST','2025-09-26 11:05:17','2025-09-26 11:05:17',0.00,164),(105,66,232214.00,'2025-09-26 11:05:17','belum_lunas','Piutang for TRX-20250926-1758884717307-9848-CUST','2025-09-26 11:05:17','2025-09-26 11:05:17',0.00,165),(106,67,937108.00,'2025-09-26 11:05:17','belum_lunas','Piutang for TRX-20250926-1758884717366-56203-CUST','2025-09-26 11:05:17','2025-09-26 11:05:17',0.00,166),(107,67,397152.00,'2025-09-26 11:05:17','belum_lunas','Piutang for TRX-20250926-1758884717472-79107-CUST','2025-09-26 11:05:17','2025-09-26 11:05:17',0.00,168),(108,68,1359319.00,'2025-09-26 11:05:17','belum_lunas','Piutang for TRX-20250926-1758884717570-65886-CUST','2025-09-26 11:05:17','2025-09-26 11:05:17',0.00,170),(109,70,519461.00,'2025-09-26 11:05:17','belum_lunas','Piutang for TRX-20250926-1758884717683-8347-CUST','2025-09-26 11:05:17','2025-09-26 11:05:17',0.00,173),(110,70,1188071.00,'2025-09-26 11:05:17','belum_lunas','Piutang for TRX-20250926-1758884717841-84467-CUST','2025-09-26 11:05:17','2025-09-26 11:05:17',0.00,174),(111,71,1303259.00,'2025-09-26 11:05:17','belum_lunas','Piutang for TRX-20250926-1758884717934-36906-CUST','2025-09-26 11:05:17','2025-09-26 11:05:17',0.00,176),(112,72,841241.00,'2025-09-26 11:05:18','belum_lunas','Piutang for TRX-20250926-1758884718010-84601-CUST','2025-09-26 11:05:18','2025-09-26 11:05:18',0.00,178),(113,74,1418404.00,'2025-09-26 11:05:18','belum_lunas','Piutang for TRX-20250926-1758884718188-45382-CUST','2025-09-26 11:05:18','2025-09-26 11:05:18',0.00,182),(114,75,1357782.00,'2025-09-26 11:05:18','belum_lunas','Piutang for TRX-20250926-1758884718273-44979-CUST','2025-09-26 11:05:18','2025-09-26 11:05:18',0.00,184),(115,75,565477.00,'2025-09-26 11:05:18','belum_lunas','Piutang for TRX-20250926-1758884718312-64816-CUST','2025-09-26 11:05:18','2025-09-26 11:05:18',0.00,185),(116,76,481400.00,'2025-09-26 11:05:18','belum_lunas','Piutang for TRX-20250926-1758884718365-3914-CUST','2025-09-26 11:05:18','2025-09-26 11:05:18',0.00,186);
/*!40000 ALTER TABLE `piutang` ENABLE KEYS */;
UNLOCK TABLES;
/*!40103 SET TIME_ZONE=@OLD_TIME_ZONE */;

/*!40101 SET SQL_MODE=@OLD_SQL_MODE */;
/*!40014 SET FOREIGN_KEY_CHECKS=@OLD_FOREIGN_KEY_CHECKS */;
/*!40014 SET UNIQUE_CHECKS=@OLD_UNIQUE_CHECKS */;
/*!40101 SET CHARACTER_SET_CLIENT=@OLD_CHARACTER_SET_CLIENT */;
/*!40101 SET CHARACTER_SET_RESULTS=@OLD_CHARACTER_SET_RESULTS */;
/*!40101 SET COLLATION_CONNECTION=@OLD_COLLATION_CONNECTION */;
/*!40111 SET SQL_NOTES=@OLD_SQL_NOTES */;

-- Dump completed on 2025-09-28  9:05:18
